,price_today,price_avg_last_3_days,price_avg_last_7_days,days_since_first,followers,price_avg_last_30_days,num_mentions_before,diff_num_youtuber,mentions_last_week,ticker,date_of_mention,date_of_prediction,time_of_prediction,predictions
186,43.8,110.6773211567732,186.75799086757996,52.0,162000.0,195.6767732115677,2.0,1.0,0.0,['ARCT'],2021-01-01 14:54:06.000000,2021-02-16,2021-02-16 10:58:27.172419,0
417,345.02,99.29182849303423,98.74582839918185,53.0,106000.0,97.6163652348656,2.0,3.0,0.0,['VOO'],2021-01-01 17:20:56.000000,2021-02-16,2021-02-16 10:58:27.172419,0
279,94.2,103.19532908704883,108.63057324840763,93.0,106000.0,96.03113941967445,10.0,7.0,7.0,['ARKG'],2021-01-01 17:20:56.000000,2021-02-16,2021-02-16 10:58:27.172419,0
415,48.5,107.07216494845362,116.45655375552282,130.0,26300.0,125.90731958762885,3.0,1.0,1.0,['OSTK'],2021-01-01 18:01:38.000000,2021-02-16,2021-02-16 10:58:27.172419,0
284,4.48,98.28869047619047,85.44802295918366,133.0,15500.0,51.8235119047619,6.0,4.0,0.0,['GEVO'],2021-01-01 20:22:09.000000,2021-02-16,2021-02-16 10:58:27.172419,1
280,94.2,103.19532908704883,108.63057324840763,94.0,197600.0,96.03113941967445,11.0,8.0,7.0,['ARKG'],2021-01-02 14:59:01.000000,2021-02-16,2021-02-16 10:58:27.172419,0
441,26.0463,101.29397777547418,103.44765173666016,121.0,395000.0,78.6183322263303,11.0,7.0,6.0,['PACB'],2021-01-02 15:30:01.000000,2021-02-16,2021-02-16 10:58:27.172419,0
383,157.82,104.60862586068517,109.14332784184515,130.0,395000.0,90.4884256325772,5.0,4.0,0.0,['CRSP'],2021-01-02 15:30:01.000000,2021-02-16,2021-02-16 10:58:27.172419,0
324,199.8,101.00433767100434,102.56184756184754,123.0,395000.0,98.48665331998667,12.0,8.0,0.0,['TDOC'],2021-01-02 15:30:01.000000,2021-02-16,2021-02-16 10:58:27.172419,0
281,94.2,103.19532908704883,108.63057324840763,94.0,592600.0,96.03113941967445,12.0,9.0,7.0,['ARKG'],2021-01-02 15:30:01.000000,2021-02-16,2021-02-16 10:58:27.172419,0
282,94.2,103.19532908704883,108.63057324840763,94.0,707600.0,96.03113941967445,13.0,9.0,6.0,['ARKG'],2021-01-02 16:00:06.000000,2021-02-16,2021-02-16 10:58:27.172419,0
457,2.4286,91.0332427461638,74.24912648086493,6.0,158000.0,57.0593483213923,4.0,3.0,4.0,['OEG'],2021-01-02 17:07:31.000000,2021-02-16,2021-02-16 10:58:27.172419,1
394,28.23,127.72464281497226,156.97586154546838,57.0,158000.0,112.43830440429805,12.0,6.0,5.0,['FUBO'],2021-01-02 17:07:31.000000,2021-02-16,2021-02-16 10:58:27.172419,0
86,147.71,99.58023604811228,102.20702728319002,87.0,395000.0,95.28535644167626,7.0,5.0,2.0,['ARKW'],2021-01-02 23:56:24.000000,2021-02-16,2021-02-16 10:58:27.172419,0
94,12.48,95.23237179487178,100.6771978021978,125.0,47100.0,58.14057158119658,8.0,4.0,1.0,['MARA'],2021-01-03 00:07:21.000000,2021-02-16,2021-02-16 10:58:27.172419,0
12,25.7,47.581063553826205,34.89438576987216,0.0,153100.0,27.330090791180286,1.0,2.0,0.0,['BTBT'],2021-01-03 00:07:21.000000,2021-02-16,2021-02-16 10:58:27.172419,0
327,5.82,98.56815578465063,104.50049091801668,13.0,15500.0,60.1910080183276,6.0,4.0,1.0,['ELYS'],2021-01-03 02:02:48.000000,2021-02-16,2021-02-16 10:58:27.172419,0
410,11.52,99.73958333333333,95.46130952380952,5.0,47100.0,89.4212962962963,2.0,3.0,2.0,['FUSE'],2021-01-03 02:33:49.000000,2021-02-16,2021-02-16 10:58:27.172419,0
332,78.05,97.54430920350204,98.5137732222934,136.0,90200.0,91.83578902412982,14.0,8.0,0.0,['ARKQ'],2021-01-03 14:55:29.000000,2021-02-16,2021-02-16 10:58:27.172419,0
384,157.82,104.60862586068517,109.14332784184515,131.0,395000.0,90.4884256325772,6.0,4.0,1.0,['CRSP'],2021-01-03 15:30:02.000000,2021-02-16,2021-02-16 10:58:27.172419,0
283,94.2,103.19532908704883,108.63057324840763,95.0,91600.0,96.03113941967445,14.0,9.0,9.0,['ARKG'],2021-01-03 16:59:01.000000,2021-02-16,2021-02-16 10:58:27.172419,0
442,26.0463,101.29397777547418,103.44765173666016,122.0,38300.0,78.6183322263303,12.0,7.0,5.0,['PACB'],2021-01-04 00:08:47.000000,2021-02-16,2021-02-16 10:58:27.172419,0
424,15.21,103.13390313390313,105.46632854325162,62.0,12800.0,110.44049967126892,5.0,4.0,0.0,['FSR'],2021-01-04 01:55:46.000000,2021-02-16,2021-02-16 10:58:27.172419,0
458,2.4286,91.0332427461638,74.24912648086493,8.0,91600.0,57.0593483213923,5.0,3.0,3.0,['OEG'],2021-01-04 16:29:12.000000,2021-02-16,2021-02-16 10:58:27.172419,1
232,3.99,98.32915622389305,97.70855710705334,12.0,26300.0,100.28404344193818,1.0,1.0,0.0,['NOK'],2021-01-04 18:14:55.000000,2021-02-16,2021-02-16 10:58:27.172419,0
114,226.5,104.86657836644592,105.39598864711448,65.0,162000.0,114.296076526858,13.0,9.0,1.0,['BABA'],2021-01-04 18:40:41.000000,2021-02-16,2021-02-16 10:58:27.172419,0
459,2.4286,91.0332427461638,74.24912648086493,8.0,91600.0,57.0593483213923,6.0,3.0,3.0,['OEG'],2021-01-04 18:59:01.000000,2021-02-16,2021-02-16 10:58:27.172419,1
468,13.61,102.79206465833947,98.91886218116932,7.0,115000.0,81.578520695567,2.0,3.0,1.0,['NPA'],2021-01-04 21:00:05.000000,2021-02-16,2021-02-16 10:58:27.172419,0
443,26.0463,101.29397777547418,103.44765173666016,123.0,85400.0,78.6183322263303,13.0,7.0,5.0,['PACB'],2021-01-04 21:16:56.000000,2021-02-16,2021-02-16 10:58:27.172419,0
477,2.4,20.862500000000004,18.107738095238094,0.0,221000.0,15.640833333333331,1.0,2.0,0.0,['CHEK'],2021-01-04 23:29:22.000000,2021-02-16,2021-02-16 10:58:27.172419,1
353,14.54,100.96286107290234,100.61898211829437,73.0,7840.0,99.93810178817058,5.0,2.0,0.0,['FSD'],2021-01-05 00:16:15.000000,2021-02-16,2021-02-16 10:58:27.172419,0
395,27.71,116.17947792613978,145.8112079187503,60.0,47100.0,115.27366774930832,13.0,7.0,4.0,['FUBO'],2021-01-05 00:46:37.000000,2021-02-16,2021-02-16 10:58:27.172419,0
478,2.4,20.862500000000004,18.107738095238094,0.0,221000.0,15.640833333333331,2.0,2.0,0.0,['CHEK'],2021-01-05 01:15:08.000000,2021-02-16,2021-02-16 10:58:27.172419,1
479,2.4,20.862500000000004,18.107738095238094,0.0,281300.0,15.640833333333331,3.0,3.0,0.0,['CHEK'],2021-01-05 01:26:45.000000,2021-02-16,2021-02-16 10:58:27.172419,1
328,5.32,108.02005012531328,112.79135338345863,15.0,15400.0,68.54229323308272,7.0,5.0,2.0,['ELYS'],2021-01-05 01:28:24.000000,2021-02-16,2021-02-16 10:58:27.172419,1
87,145.21,101.45763606730482,103.34785089574703,89.0,106000.0,97.54034386979775,8.0,6.0,2.0,['ARKW'],2021-01-05 02:10:41.000000,2021-02-16,2021-02-16 10:58:27.172419,0
335,19.53,101.97986004437617,102.63331138907176,35.0,106000.0,90.91991807475678,6.0,3.0,0.0,['SKLZ'],2021-01-05 02:10:41.000000,2021-02-16,2021-02-16 10:58:27.172419,0
480,2.4,20.862500000000004,18.107738095238094,0.0,296800.0,15.640833333333331,4.0,4.0,0.0,['CHEK'],2021-01-05 04:39:32.000000,2021-02-16,2021-02-16 10:58:27.172419,1
481,2.4,20.862500000000004,18.107738095238094,0.0,335100.0,15.640833333333331,5.0,5.0,0.0,['CHEK'],2021-01-05 13:25:29.000000,2021-02-16,2021-02-16 10:58:27.172419,1
385,157.38,102.34464353793366,107.88991158796725,133.0,395000.0,91.7747913754395,7.0,4.0,2.0,['CRSP'],2021-01-05 14:00:23.000000,2021-02-16,2021-02-16 10:58:27.172419,0
482,2.4,20.862500000000004,18.107738095238094,0.0,426700.0,15.640833333333331,6.0,6.0,0.0,['CHEK'],2021-01-05 14:59:01.000000,2021-02-16,2021-02-16 10:58:27.172419,1
3,2.21,33.484162895927604,34.14802844214609,0.0,106000.0,19.40573152337858,1.0,1.0,0.0,['JAGX'],2021-01-05 15:41:54.000000,2021-02-16,2021-02-16 10:58:27.172419,1
483,2.4,20.862500000000004,18.107738095238094,0.0,426700.0,15.640833333333331,7.0,6.0,0.0,['CHEK'],2021-01-05 15:41:54.000000,2021-02-16,2021-02-16 10:58:27.172419,1
349,15.6,119.0811965811966,117.71978021978023,83.0,91600.0,108.69234775641026,13.0,6.0,0.0,['SRAC'],2021-01-05 16:59:03.000000,2021-02-16,2021-02-16 10:58:27.172419,0
4,2.21,33.484162895927604,34.14802844214609,0.0,197600.0,19.40573152337858,2.0,2.0,0.0,['JAGX'],2021-01-05 18:48:15.000000,2021-02-16,2021-02-16 10:58:27.172419,1
336,19.53,101.97986004437617,102.63331138907176,36.0,268000.0,90.91991807475678,7.0,3.0,0.0,['SKLZ'],2021-01-05 19:48:55.000000,2021-02-16,2021-02-16 10:58:27.172419,0
484,2.4,20.862500000000004,18.107738095238094,1.0,460800.0,15.640833333333331,8.0,7.0,1.0,['CHEK'],2021-01-05 20:53:58.000000,2021-02-16,2021-02-16 10:58:27.172419,1
400,62.99,108.40345028311371,149.99433016578593,124.0,14300.0,100.89352807323915,10.0,7.0,0.0,['QS'],2021-01-05 22:30:22.000000,2021-02-16,2021-02-16 10:58:27.172419,0
268,205.3,97.67332359149214,99.76410827360657,37.0,395000.0,98.95534989446341,1.0,2.0,0.0,['FVRR'],2021-01-06 00:31:06.000000,2021-02-16,2021-02-16 10:58:27.172419,0
486,18.89,91.81224633845068,86.24366633895485,23.0,15500.0,57.33342156343745,2.0,3.0,0.0,['RIOT'],2021-01-06 00:44:11.000000,2021-02-16,2021-02-16 10:58:27.172419,0
95,14.58,77.8463648834019,82.7960023515579,128.0,15500.0,53.57528577960679,9.0,4.0,2.0,['MARA'],2021-01-06 00:44:11.000000,2021-02-16,2021-02-16 10:58:27.172419,0
453,3.48,93.9655172413793,86.5353037766831,8.0,47100.0,48.62758620689655,1.0,1.0,0.0,['AQMS'],2021-01-06 00:45:18.000000,2021-02-16,2021-02-16 10:58:27.172419,0
329,5.67,77.54262198706645,80.57445200302344,0.0,124700.0,81.5873015873016,1.0,2.0,0.0,['ORTX'],2021-01-06 02:47:29.000000,2021-02-16,2021-02-16 10:58:27.172419,0
386,156.8,101.4859693877551,106.54154518950433,134.0,407800.0,93.1735756802721,8.0,5.0,2.0,['CRSP'],2021-01-06 04:37:27.000000,2021-02-16,2021-02-16 10:58:27.172419,0
325,199.165,100.8828525761722,102.26266089495071,126.0,12800.0,99.43296596624239,13.0,8.0,1.0,['TDOC'],2021-01-06 04:37:27.000000,2021-02-16,2021-02-16 10:58:27.172419,0
223,2.38,85.85434173669468,91.77671068427371,106.0,91600.0,92.92324929971988,14.0,6.0,0.0,['IDEX'],2021-01-06 13:59:01.000000,2021-02-16,2021-02-16 10:58:27.172419,1
113,12.7,101.39107611548557,104.69066366704162,34.0,6380.0,104.69396325459319,1.0,2.0,0.0,['VG'],2021-01-06 14:44:08.000000,2021-02-16,2021-02-16 10:58:27.172419,0
247,11.09,102.4346257889991,105.6292670359397,40.0,6380.0,100.85668977954666,12.0,6.0,0.0,['VGAC'],2021-01-06 14:44:08.000000,2021-02-16,2021-02-16 10:58:27.172419,0
444,27.92,93.3779847182426,96.35867785509619,125.0,106000.0,75.90238777459406,14.0,7.0,6.0,['PACB'],2021-01-06 14:49:01.000000,2021-02-16,2021-02-16 10:58:27.172419,0
310,36.7399,99.68916627426859,99.742708686119,21.0,358000.0,98.91672722752828,1.0,2.0,0.0,['VEGA'],2021-01-06 15:45:04.000000,2021-02-16,2021-02-16 10:58:27.172419,0
146,1.38,63.16666666666668,64.3105590062112,0.0,196600.0,65.63236714975845,1.0,2.0,0.0,['NMTR'],2021-01-06 15:54:00.000000,2021-02-16,2021-02-16 10:58:27.172419,1
311,36.7399,99.68916627426859,99.742708686119,21.0,473000.0,98.91672722752828,2.0,3.0,0.0,['VEGA'],2021-01-06 16:00:17.000000,2021-02-16,2021-02-16 10:58:27.172419,0
337,22.82,85.93339176161261,87.05396268937022,37.0,209100.0,78.6444347063979,8.0,4.0,1.0,['SKLZ'],2021-01-06 18:26:45.000000,2021-02-16,2021-02-16 10:58:27.172419,0
378,32.25,80.8423772609819,83.04598006644518,6.0,395000.0,75.25060465116279,1.0,1.0,1.0,['SPWR'],2021-01-06 23:39:54.000000,2021-02-16,2021-02-16 10:58:27.172419,0
330,7.4735,64.31613924756363,63.080025614313435,1.0,34100.0,62.34918935795365,2.0,2.0,1.0,['ORTX'],2021-01-07 02:09:19.000000,2021-02-16,2021-02-16 10:58:27.172419,0
96,20.18,62.371985464155934,61.88234461277078,129.0,34100.0,40.59106375949786,10.0,5.0,2.0,['MARA'],2021-01-07 02:09:19.000000,2021-02-16,2021-02-16 10:58:27.172419,0
181,14.35,94.006968641115,96.97361871577901,45.0,12800.0,87.42160278745646,4.0,4.0,0.0,['GIK'],2021-01-07 04:18:22.000000,2021-02-16,2021-02-16 10:58:27.172419,0
183,23.5,87.5177304964539,81.75075987841944,47.0,12800.0,66.32056737588651,6.0,4.0,0.0,['NGA'],2021-01-07 04:18:22.000000,2021-02-16,2021-02-16 10:58:27.172419,0
360,12.2,100.79234972677597,101.8735362997658,33.0,106000.0,94.12042875157627,1.0,1.0,0.0,['IPOE'],2021-01-07 16:59:07.000000,2021-02-16,2021-02-16 10:58:27.172419,0
361,12.2,100.79234972677597,101.8735362997658,33.0,106000.0,94.12042875157627,2.0,1.0,0.0,['IPOE'],2021-01-07 18:32:12.000000,2021-02-16,2021-02-16 10:58:27.172419,0
362,12.2,100.79234972677597,101.8735362997658,33.0,153100.0,94.12042875157627,3.0,2.0,0.0,['IPOE'],2021-01-07 19:28:09.000000,2021-02-16,2021-02-16 10:58:27.172419,0
147,16.61,73.20389323700583,70.50614947965941,91.0,373000.0,58.400260887015854,7.0,5.0,0.0,['FCEL'],2021-01-07 23:55:27.000000,2021-02-16,2021-02-16 10:58:27.172419,0
363,21.46,56.6946256601429,57.45573159366262,34.0,153100.0,53.63121742432089,4.0,2.0,0.0,['IPOE'],2021-01-08 02:37:32.000000,2021-02-16,2021-02-16 10:58:27.172419,0
432,16.0,84.0625,84.98214285714286,34.0,106000.0,79.49074074074075,1.0,1.0,0.0,['IPOD'],2021-01-08 02:37:32.000000,2021-02-16,2021-02-16 10:58:27.172419,0
188,14.11,85.32955350815025,86.9798521818366,34.0,106000.0,81.34236291571514,1.0,1.0,0.0,['IPOF'],2021-01-08 02:37:32.000000,2021-02-16,2021-02-16 10:58:27.172419,0
364,21.46,56.6946256601429,57.45573159366262,34.0,165900.0,53.63121742432089,5.0,3.0,0.0,['IPOE'],2021-01-08 04:00:44.000000,2021-02-16,2021-02-16 10:58:27.172419,0
189,14.11,85.32955350815025,86.9798521818366,34.0,196600.0,81.34236291571514,2.0,2.0,0.0,['IPOF'],2021-01-08 18:07:04.000000,2021-02-16,2021-02-16 10:58:27.172419,0
433,16.0,84.0625,84.98214285714286,34.0,196600.0,79.49074074074075,2.0,2.0,0.0,['IPOD'],2021-01-08 18:07:04.000000,2021-02-16,2021-02-16 10:58:27.172419,0
115,227.88,101.41448715698323,102.33320795406105,69.0,78000.0,111.67790650049733,14.0,9.0,1.0,['BABA'],2021-01-08 18:10:47.000000,2021-02-16,2021-02-16 10:58:27.172419,0
320,89.0,101.5805243445693,99.11556982343498,69.0,78000.0,95.48616104868915,5.0,3.0,0.0,['JD'],2021-01-08 18:10:47.000000,2021-02-16,2021-02-16 10:58:27.172419,0
5,3.26,65.33742331288344,40.885188431200696,3.0,15400.0,19.023415132924335,3.0,3.0,3.0,['JAGX'],2021-01-08 18:54:14.000000,2021-02-16,2021-02-16 10:58:27.172419,1
365,21.46,56.6946256601429,57.45573159366262,34.0,210400.0,53.63121742432089,6.0,4.0,3.0,['IPOE'],2021-01-08 20:59:01.000000,2021-02-16,2021-02-16 10:58:27.172419,0
387,188.7,92.76099629040806,88.25119236883941,137.0,395000.0,80.85135135135133,9.0,5.0,4.0,['CRSP'],2021-01-09 15:30:00.000000,2021-02-16,2021-02-16 10:58:27.172419,0
460,3.5431,71.01878769062873,66.31561546184334,13.0,158000.0,45.14398878571496,7.0,3.0,3.0,['OEG'],2021-01-09 17:06:10.000000,2021-02-16,2021-02-16 10:58:27.172419,1
491,1.9,51.03508771929825,43.63834586466165,0.0,264000.0,32.43228070175439,1.0,2.0,0.0,['TRXC'],2021-01-09 17:06:10.000000,2021-02-16,2021-02-16 10:58:27.172419,1
420,21.4,100.0,96.96261682242992,74.0,40300.0,90.92056074766356,10.0,2.0,0.0,['ETH'],2021-01-10 00:00:05.000000,2021-02-16,2021-02-16 10:58:27.172419,0
331,7.25,92.52183908045977,74.62758620689657,4.0,34100.0,66.74643678160919,3.0,2.0,3.0,['ORTX'],2021-01-10 02:15:42.000000,2021-02-16,2021-02-16 10:58:27.172419,1
492,1.9,51.03508771929825,43.63834586466165,1.0,196300.0,32.43228070175439,2.0,3.0,1.0,['TRXC'],2021-01-10 14:29:16.000000,2021-02-16,2021-02-16 10:58:27.172419,1
88,156.16,97.63913080601094,95.56221640807962,95.0,158000.0,92.79050973360658,9.0,7.0,1.0,['ARKW'],2021-01-10 16:43:12.000000,2021-02-16,2021-02-16 10:58:27.172419,0
493,1.9,51.03508771929825,43.63834586466165,2.0,72400.0,32.43228070175439,3.0,4.0,2.0,['TRXC'],2021-01-10 21:06:08.000000,2021-02-16,2021-02-16 10:58:27.172419,1
21,0.7049,58.679718163332865,49.74160468556836,5.0,34100.0,31.41911382229159,1.0,2.0,1.0,['ZOM'],2021-01-10 21:06:08.000000,2021-02-16,2021-02-16 10:58:27.172419,1
47,536.75,98.25182425089274,97.81974582473883,74.0,78000.0,98.65006862288466,2.0,3.0,1.0,['NVDA'],2021-01-10 21:44:08.000000,2021-02-16,2021-02-16 10:58:27.172419,0
221,48.5,99.95189003436427,93.88217967599412,70.0,28400.0,85.81901489117985,2.0,2.0,0.0,['BEP'],2021-01-10 23:12:14.000000,2021-02-16,2021-02-16 10:58:27.172419,0
396,26.12,109.0096988259316,114.69590899146793,66.0,60300.0,124.29683511995917,14.0,8.0,1.0,['FUBO'],2021-01-11 01:44:05.000000,2021-02-16,2021-02-16 10:58:27.172419,0
211,11.98,84.0567612687813,83.61554972573336,0.0,59900.0,82.97275459098496,1.0,2.0,0.0,['PSAC'],2021-01-11 02:49:51.000000,2021-02-16,2021-02-16 10:58:27.172419,0
192,25.26,100.54077593032463,100.42404705350074,4.0,10600.0,101.67709158089205,1.0,1.0,1.0,['ARB'],2021-01-11 09:56:31.000000,2021-02-16,2021-02-16 10:58:27.172419,0
376,87.2,158.78822629969417,179.71821756225427,2.0,115000.0,183.28975535168195,1.0,2.0,1.0,['SRPT'],2021-01-11 12:30:02.000000,2021-02-16,2021-02-16 10:58:27.172419,0
388,188.7,92.76099629040806,88.25119236883941,139.0,395000.0,80.85135135135133,10.0,5.0,3.0,['CRSP'],2021-01-11 14:00:31.000000,2021-02-16,2021-02-16 10:58:27.172419,0
366,19.37,78.83324728962312,70.06416402389556,37.0,78000.0,61.25267350099565,7.0,5.0,6.0,['IPOE'],2021-01-11 14:44:08.000000,2021-02-16,2021-02-16 10:58:27.172419,0
494,1.9,51.03508771929825,43.63834586466165,2.0,125700.0,32.43228070175439,4.0,5.0,3.0,['TRXC'],2021-01-11 14:55:33.000000,2021-02-16,2021-02-16 10:58:27.172419,1
104,27.0,76.85185185185185,75.76719576719576,18.0,162000.0,62.492592592592594,2.0,2.0,0.0,['STPK'],2021-01-11 15:39:18.000000,2021-02-16,2021-02-16 10:58:27.172419,0
351,8.54,100.46838407494147,99.89963198394112,82.0,26300.0,98.94754098360657,12.0,3.0,0.0,['DCF'],2021-01-11 17:23:02.000000,2021-02-16,2021-02-16 10:58:27.172419,0
14,14.45,98.73125720876585,101.90311418685123,27.0,106000.0,96.99785796671611,5.0,5.0,0.0,['BTWN'],2021-01-11 20:17:39.000000,2021-02-16,2021-02-16 10:58:27.172419,0
406,17.1,96.54970760233918,94.56975772765246,39.0,106000.0,91.30799220272904,1.0,2.0,0.0,['ECOM'],2021-01-11 20:17:39.000000,2021-02-16,2021-02-16 10:58:27.172419,0
367,19.37,78.83324728962312,70.06416402389556,37.0,106400.0,61.25267350099565,8.0,6.0,6.0,['IPOE'],2021-01-11 20:41:32.000000,2021-02-16,2021-02-16 10:58:27.172419,0
389,190.01,97.7176639825974,89.5599479726631,139.0,395000.0,81.66789467221022,11.0,5.0,3.0,['CRSP'],2021-01-11 23:14:26.000000,2021-02-16,2021-02-16 10:58:27.172419,0
197,14.99,66.9335112297087,66.9398646716859,0.0,106000.0,66.54213920391372,1.0,1.0,0.0,['CCIV'],2021-01-11 23:33:32.000000,2021-02-16,2021-02-16 10:58:27.172419,0
198,14.99,66.9335112297087,66.9398646716859,0.0,184000.0,66.54213920391372,2.0,2.0,0.0,['CCIV'],2021-01-11 23:55:25.000000,2021-02-16,2021-02-16 10:58:27.172419,0
22,1.14,44.90058479532164,36.457393483709275,6.0,15400.0,21.137719298245617,2.0,2.0,2.0,['ZOM'],2021-01-12 01:30:57.000000,2021-02-16,2021-02-16 10:58:27.172419,1
97,24.0,90.61111111111113,67.77976190476191,134.0,15500.0,41.131708333333336,11.0,5.0,2.0,['MARA'],2021-01-12 01:55:58.000000,2021-02-16,2021-02-16 10:58:27.172419,0
434,44.56,102.71543985637341,100.29174147217233,5.0,15500.0,97.83213644524236,1.0,2.0,1.0,['ARGO'],2021-01-12 01:55:58.000000,2021-02-16,2021-02-16 10:58:27.172419,0
354,14.71,99.81871742578744,99.60182577449743,80.0,7840.0,99.19555857693179,6.0,2.0,0.0,['FSD'],2021-01-12 03:08:46.000000,2021-02-16,2021-02-16 10:58:27.172419,0
425,14.95,103.65663322185061,102.51313903487815,70.0,12800.0,110.43478260869568,6.0,4.0,0.0,['FSR'],2021-01-12 03:35:01.000000,2021-02-16,2021-02-16 10:58:27.172419,0
83,14.58,79.65249199817102,77.59161277679797,26.0,106000.0,73.32185642432556,1.0,2.0,0.0,['EXPC'],2021-01-12 04:09:35.000000,2021-02-16,2021-02-16 10:58:27.172419,0
48,550.1,96.34308913530873,95.89087698340562,75.0,395000.0,96.34961703932619,3.0,4.0,2.0,['NVDA'],2021-01-12 14:00:03.000000,2021-02-16,2021-02-16 10:58:27.172419,0
390,190.01,97.7176639825974,89.5599479726631,140.0,572000.0,81.66789467221022,12.0,6.0,3.0,['CRSP'],2021-01-12 14:06:39.000000,2021-02-16,2021-02-16 10:58:27.172419,0
154,1.94,99.48453608247422,98.08910162002944,89.0,177000.0,97.95618556701032,10.0,8.0,0.0,['JP'],2021-01-12 14:06:39.000000,2021-02-16,2021-02-16 10:58:27.172419,1
199,14.99,66.9335112297087,66.9398646716859,0.0,275600.0,66.54213920391372,3.0,3.0,0.0,['CCIV'],2021-01-12 14:59:01.000000,2021-02-16,2021-02-16 10:58:27.172419,0
409,10.865,96.77864703175332,96.59456971928209,11.0,106000.0,93.00506212609295,1.0,2.0,0.0,['BTAQ'],2021-01-12 18:00:15.000000,2021-02-16,2021-02-16 10:58:27.172419,0
23,1.14,44.90058479532164,36.457393483709275,6.0,121400.0,21.137719298245617,3.0,3.0,2.0,['ZOM'],2021-01-12 18:00:15.000000,2021-02-16,2021-02-16 10:58:27.172419,1
24,1.14,44.90058479532164,36.457393483709275,6.0,181700.0,21.137719298245617,4.0,4.0,2.0,['ZOM'],2021-01-12 18:41:45.000000,2021-02-16,2021-02-16 10:58:27.172419,1
40,1.14,85.96491228070177,80.20050125313284,5.0,7840.0,73.09290271132377,1.0,1.0,1.0,['TBLT'],2021-01-13 00:10:34.000000,2021-02-16,2021-02-16 10:58:27.172419,0
15,23.01,64.42126611618137,55.07543304153473,0.0,73100.0,49.33485441112559,1.0,2.0,0.0,['ACTC'],2021-01-13 01:02:58.000000,2021-02-16,2021-02-16 10:58:27.172419,0
16,23.01,64.42126611618137,55.07543304153473,0.0,107200.0,49.33485441112559,2.0,3.0,0.0,['ACTC'],2021-01-13 02:00:15.000000,2021-02-16,2021-02-16 10:58:27.172419,0
25,1.14,65.95321637426902,47.69298245614035,7.0,172680.0,24.079239766081873,5.0,5.0,2.0,['ZOM'],2021-01-13 15:46:20.000000,2021-02-16,2021-02-16 10:58:27.172419,1
105,38.0,74.64912280701755,61.36466165413534,20.0,106000.0,48.09122807017543,3.0,3.0,1.0,['STPK'],2021-01-13 16:47:19.000000,2021-02-16,2021-02-16 10:58:27.172419,0
461,4.24,86.10927672955974,66.61219676549865,17.0,158000.0,41.539308176100626,8.0,3.0,1.0,['OEG'],2021-01-13 16:50:15.000000,2021-02-16,2021-02-16 10:58:27.172419,1
495,1.61,87.99171842650101,69.77728482697425,4.0,158000.0,43.34699792960661,5.0,5.0,5.0,['TRXC'],2021-01-13 16:50:15.000000,2021-02-16,2021-02-16 10:58:27.172419,1
17,23.01,64.42126611618137,55.07543304153473,1.0,209400.0,49.33485441112559,3.0,4.0,1.0,['ACTC'],2021-01-13 16:56:35.000000,2021-02-16,2021-02-16 10:58:27.172419,0
18,23.01,64.42126611618137,55.07543304153473,1.0,301000.0,49.33485441112559,4.0,5.0,1.0,['ACTC'],2021-01-13 17:59:01.000000,2021-02-16,2021-02-16 10:58:27.172419,0
155,1.86,104.3010752688172,103.2258064516129,91.0,90600.0,101.99014336917564,11.0,8.0,1.0,['JP'],2021-01-13 18:42:38.000000,2021-02-16,2021-02-16 10:58:27.172419,1
177,41.85,89.27917164476303,84.38982761563406,18.0,106000.0,51.92070091596973,1.0,2.0,0.0,['DMTK'],2021-01-13 22:30:04.000000,2021-02-16,2021-02-16 10:58:27.172419,0
350,22.08,73.65640096618358,72.09497929606627,91.0,106000.0,75.3635200063012,14.0,7.0,0.0,['SRAC'],2021-01-14 00:35:46.000000,2021-02-16,2021-02-16 10:58:27.172419,0
469,15.8028,79.7116122881177,80.58246459036192,17.0,106000.0,74.82973481492733,3.0,3.0,0.0,['NPA'],2021-01-14 00:35:46.000000,2021-02-16,2021-02-16 10:58:27.172419,0
248,12.25,94.421768707483,92.86297376093295,47.0,177000.0,93.10612244897956,13.0,6.0,0.0,['VGAC'],2021-01-14 01:33:16.000000,2021-02-16,2021-02-16 10:58:27.172419,0
269,256.83,92.96421757582839,86.72384734760625,45.0,395000.0,81.30280730444264,2.0,2.0,0.0,['FVRR'],2021-01-14 14:00:01.000000,2021-02-16,2021-02-16 10:58:27.172419,0
338,27.24,89.88007831620166,84.39794419970632,44.0,395000.0,73.24155653450808,9.0,5.0,0.0,['SKLZ'],2021-01-14 14:00:01.000000,2021-02-16,2021-02-16 10:58:27.172419,0
98,25.91,85.41103820918563,75.48657440591056,136.0,15500.0,42.867399974269915,12.0,5.0,1.0,['MARA'],2021-01-14 14:58:31.000000,2021-02-16,2021-02-16 10:58:27.172419,0
435,46.24,96.78489042675892,97.16077607513593,7.0,15500.0,94.71885813148788,2.0,2.0,1.0,['ARGO'],2021-01-14 14:58:31.000000,2021-02-16,2021-02-16 10:58:27.172419,0
200,18.71,71.51256012827365,61.258303428266004,2.0,91600.0,55.16657758774273,4.0,3.0,4.0,['CCIV'],2021-01-14 14:59:00.000000,2021-02-16,2021-02-16 10:58:27.172419,0
7,8.46,50.8274231678487,40.8983451536643,1.0,162000.0,31.363002364066187,1.0,1.0,1.0,['CPSH'],2021-01-14 16:01:54.000000,2021-02-16,2021-02-16 10:58:27.172419,1
133,58.71,99.14267870323056,98.58627150400272,79.0,60300.0,96.04894112303415,2.0,2.0,1.0,['TD'],2021-01-14 16:03:34.000000,2021-02-16,2021-02-16 10:58:27.172419,0
407,22.47,100.57854917668003,99.33638502129824,135.0,26300.0,99.88538792464028,11.0,3.0,0.0,['DBX'],2021-01-14 16:43:24.000000,2021-02-16,2021-02-16 10:58:27.172419,0
166,33.9,94.44444444444446,92.99620733249051,54.0,158000.0,94.66261061946904,7.0,4.0,0.0,['LAZR'],2021-01-14 16:59:49.000000,2021-02-16,2021-02-16 10:58:27.172419,0
413,10.21,100.15115899444989,100.38953407023925,13.0,158000.0,99.35393405158338,1.0,2.0,0.0,['NBA'],2021-01-14 16:59:49.000000,2021-02-16,2021-02-16 10:58:27.172419,0
165,60.0,92.8611111111111,90.29166666666667,121.0,119000.0,87.90638888888888,4.0,4.0,0.0,['UBER'],2021-01-14 19:54:57.000000,2021-02-16,2021-02-16 10:58:27.172419,0
184,34.24,74.67873831775701,69.21728971962617,55.0,28400.0,51.44762461059191,7.0,4.0,0.0,['NGA'],2021-01-14 21:00:08.000000,2021-02-16,2021-02-16 10:58:27.172419,0
391,220.15,87.96729502611855,84.02063528113948,142.0,46600.0,73.7563025210084,13.0,7.0,4.0,['CRSP'],2021-01-14 22:00:09.000000,2021-02-16,2021-02-16 10:58:27.172419,0
201,17.81,91.33445629795995,71.30825379000562,3.0,486600.0,59.60883398839605,5.0,4.0,4.0,['CCIV'],2021-01-14 23:49:48.000000,2021-02-16,2021-02-16 10:58:27.172419,0
99,23.1,104.32900432900432,94.07544836116264,137.0,55800.0,50.975223665223666,13.0,6.0,1.0,['MARA'],2021-01-15 00:45:00.000000,2021-02-16,2021-02-16 10:58:27.172419,0
487,27.0,89.91358024691358,83.77248677248677,32.0,40300.0,53.661543209876534,3.0,4.0,0.0,['RIOT'],2021-01-15 00:45:00.000000,2021-02-16,2021-02-16 10:58:27.172419,0
116,1.84,49.43659420289854,49.78571428571428,0.0,144300.0,35.46847826086956,1.0,2.0,0.0,['SENS'],2021-01-15 01:17:51.000000,2021-02-16,2021-02-16 10:58:27.172419,1
202,17.81,91.33445629795995,71.30825379000562,3.0,486600.0,59.60883398839605,6.0,4.0,4.0,['CCIV'],2021-01-15 01:24:44.000000,2021-02-16,2021-02-16 10:58:27.172419,0
148,16.57,109.75658821162743,96.30140529355978,99.0,373000.0,66.24391470529068,8.0,5.0,0.0,['FCEL'],2021-01-15 02:35:16.000000,2021-02-16,2021-02-16 10:58:27.172419,0
71,5.5,90.18181818181817,81.03896103896103,51.0,15500.0,76.6969696969697,1.0,2.0,0.0,['DPW'],2021-01-15 03:05:00.000000,2021-02-16,2021-02-16 10:58:27.172419,0
117,1.84,49.43659420289854,49.78571428571428,0.0,144300.0,35.46847826086956,2.0,2.0,0.0,['SENS'],2021-01-15 04:05:35.000000,2021-02-16,2021-02-16 10:58:27.172419,1
118,1.84,49.43659420289854,49.78571428571428,0.0,191400.0,35.46847826086956,3.0,3.0,0.0,['SENS'],2021-01-15 06:00:08.000000,2021-02-16,2021-02-16 10:58:27.172419,1
314,2.01,89.71807628524049,82.30277185501066,1.0,38300.0,36.382421227197355,1.0,2.0,1.0,['ISR'],2021-01-15 13:15:00.000000,2021-02-16,2021-02-16 10:58:27.172419,0
203,17.81,91.33445629795995,71.30825379000562,3.0,486600.0,59.60883398839605,7.0,4.0,4.0,['CCIV'],2021-01-15 14:00:10.000000,2021-02-16,2021-02-16 10:58:27.172419,0
79,3.54,59.51035781544255,60.04842615012107,0.0,182200.0,60.687382297551785,1.0,2.0,0.0,['OBSV'],2021-01-15 14:59:01.000000,2021-02-16,2021-02-16 10:58:27.172419,1
149,16.57,109.75658821162743,96.30140529355978,99.0,463200.0,66.24391470529068,9.0,5.0,0.0,['FCEL'],2021-01-15 15:00:02.000000,2021-02-16,2021-02-16 10:58:27.172419,0
80,3.54,59.51035781544255,60.04842615012107,0.0,288200.0,60.687382297551785,2.0,3.0,0.0,['OBSV'],2021-01-15 16:50:25.000000,2021-02-16,2021-02-16 10:58:27.172419,1
315,2.01,89.71807628524049,82.30277185501066,2.0,196300.0,36.382421227197355,2.0,2.0,1.0,['ISR'],2021-01-15 16:51:58.000000,2021-02-16,2021-02-16 10:58:27.172419,0
462,4.12,104.20711974110031,83.12031900138696,19.0,158000.0,47.34466019417476,9.0,3.0,2.0,['OEG'],2021-01-15 16:51:58.000000,2021-02-16,2021-02-16 10:58:27.172419,1
496,2.19,73.97260273972601,63.07240704500979,6.0,158000.0,35.66514459665144,6.0,5.0,6.0,['TRXC'],2021-01-15 16:51:58.000000,2021-02-16,2021-02-16 10:58:27.172419,1
439,3.01,88.26135105204874,85.5719031798766,2.0,158000.0,85.29346622369877,1.0,2.0,1.0,['ACER'],2021-01-15 16:51:58.000000,2021-02-16,2021-02-16 10:58:27.172419,0
204,17.81,91.33445629795995,71.30825379000562,3.0,486600.0,59.60883398839605,8.0,4.0,5.0,['CCIV'],2021-01-15 16:59:01.000000,2021-02-16,2021-02-16 10:58:27.172419,0
352,9.06,54.893303899926416,51.031062756228316,108.0,162000.0,37.19246688741722,6.0,5.0,0.0,['FRSX'],2021-01-15 17:15:47.000000,2021-02-16,2021-02-16 10:58:27.172419,1
428,800.06,100.53412660717113,100.52460351187948,5.0,38300.0,98.3721220908432,1.0,1.0,1.0,['ISRG'],2021-01-15 17:21:44.000000,2021-02-16,2021-02-16 10:58:27.172419,0
497,2.19,73.97260273972601,63.07240704500979,6.0,196300.0,35.66514459665144,7.0,5.0,6.0,['TRXC'],2021-01-15 17:21:44.000000,2021-02-16,2021-02-16 10:58:27.172419,1
178,40.0,98.33333333333333,92.25,20.0,106000.0,56.75953333333333,2.0,2.0,1.0,['DMTK'],2021-01-15 18:51:03.000000,2021-02-16,2021-02-16 10:58:27.172419,0
119,1.84,49.43659420289854,49.78571428571428,0.0,191400.0,35.46847826086956,4.0,3.0,0.0,['SENS'],2021-01-15 18:51:03.000000,2021-02-16,2021-02-16 10:58:27.172419,1
498,2.19,73.97260273972601,63.07240704500979,6.0,211700.0,35.66514459665144,8.0,6.0,6.0,['TRXC'],2021-01-15 19:24:18.000000,2021-02-16,2021-02-16 10:58:27.172419,1
205,18.05,95.32779316712833,76.54135338345864,4.0,515000.0,60.280701754385966,9.0,5.0,6.0,['CCIV'],2021-01-16 00:22:54.000000,2021-02-16,2021-02-16 10:58:27.172419,0
206,18.05,95.32779316712833,76.54135338345864,4.0,530500.0,60.280701754385966,10.0,6.0,7.0,['CCIV'],2021-01-16 04:08:01.000000,2021-02-16,2021-02-16 10:58:27.172419,0
392,207.09,98.36624977867916,93.68942419789877,144.0,90200.0,79.87952098121588,14.0,8.0,5.0,['CRSP'],2021-01-16 14:00:07.000000,2021-02-16,2021-02-16 10:58:27.172419,0
120,1.6,76.66666666666666,64.89017857142856,1.0,197600.0,43.811875,5.0,4.0,4.0,['SENS'],2021-01-16 14:59:00.000000,2021-02-16,2021-02-16 10:58:27.172419,1
207,18.05,95.32779316712833,76.54135338345864,4.0,530500.0,60.280701754385966,11.0,6.0,8.0,['CCIV'],2021-01-16 15:20:20.000000,2021-02-16,2021-02-16 10:58:27.172419,0
44,24.45,91.32924335378323,87.56646216768915,132.0,177000.0,84.35173824130881,2.0,3.0,0.0,['RSI'],2021-01-16 16:30:04.000000,2021-02-16,2021-02-16 10:58:27.172419,0
368,21.9,87.70167427701675,84.55968688845402,43.0,28400.0,60.263318112633186,9.0,6.0,2.0,['IPOE'],2021-01-16 23:51:50.000000,2021-02-16,2021-02-16 10:58:27.172419,0
134,59.47,99.04713861330642,98.33529510677651,82.0,60300.0,95.31472451095787,3.0,2.0,1.0,['TD'],2021-01-17 02:50:09.000000,2021-02-16,2021-02-16 10:58:27.172419,0
208,18.05,95.32779316712833,76.54135338345864,5.0,457600.0,60.280701754385966,12.0,7.0,10.0,['CCIV'],2021-01-17 03:28:38.000000,2021-02-16,2021-02-16 10:58:27.172419,0
209,18.05,95.32779316712833,76.54135338345864,5.0,533700.0,60.280701754385966,13.0,7.0,11.0,['CCIV'],2021-01-17 14:59:02.000000,2021-02-16,2021-02-16 10:58:27.172419,0
449,15.03,98.89110667553781,98.61229921110161,28.0,38300.0,99.41170290996952,2.0,3.0,0.0,['STIC'],2021-01-17 15:30:23.000000,2021-02-16,2021-02-16 10:58:27.172419,0
106,35.1,99.70560303893637,85.61660561660563,24.0,115000.0,59.10446343779677,4.0,4.0,2.0,['STPK'],2021-01-17 16:00:02.000000,2021-02-16,2021-02-16 10:58:27.172419,0
121,1.6,76.66666666666666,64.89017857142856,2.0,34100.0,43.811875,6.0,5.0,6.0,['SENS'],2021-01-17 17:00:02.000000,2021-02-16,2021-02-16 10:58:27.172419,1
316,2.15,88.68217054263566,78.73754152823919,4.0,158000.0,36.54806201550388,3.0,2.0,3.0,['ISR'],2021-01-17 17:24:06.000000,2021-02-16,2021-02-16 10:58:27.172419,1
393,256.9,97.68392370572208,100.32641939609633,147.0,106000.0,105.44187362138314,14.0,8.0,0.0,['FB'],2021-01-17 17:34:02.000000,2021-02-16,2021-02-16 10:58:27.172419,0
448,172.1,101.56110788301375,102.74093135220387,94.0,106000.0,99.4525469688166,10.0,4.0,0.0,['DIS'],2021-01-17 17:34:02.000000,2021-02-16,2021-02-16 10:58:27.172419,0
377,91.99,95.6585860781969,107.91530135263152,8.0,177000.0,164.39247019603584,2.0,3.0,1.0,['SRPT'],2021-01-17 19:32:43.000000,2021-02-16,2021-02-16 10:58:27.172419,0
261,6.21,50.34621578099839,50.079365079365076,0.0,196100.0,47.068974771873314,1.0,2.0,0.0,['CRNT'],2021-01-17 20:00:11.000000,2021-02-16,2021-02-16 10:58:27.172419,1
339,25.75,103.59870550161811,95.59500693481276,48.0,395000.0,80.47508090614888,10.0,5.0,1.0,['SKLZ'],2021-01-17 20:49:16.000000,2021-02-16,2021-02-16 10:58:27.172419,0
369,21.9,87.70167427701675,84.55968688845402,43.0,423400.0,60.263318112633186,10.0,7.0,2.0,['IPOE'],2021-01-17 20:49:16.000000,2021-02-16,2021-02-16 10:58:27.172419,0
45,24.45,91.32924335378323,87.56646216768915,134.0,395000.0,84.35173824130881,3.0,3.0,1.0,['RSI'],2021-01-17 20:49:16.000000,2021-02-16,2021-02-16 10:58:27.172419,0
26,1.2,85.83333333333333,68.63809523809525,12.0,10600.0,30.035833333333336,6.0,6.0,4.0,['ZOM'],2021-01-17 23:28:31.000000,2021-02-16,2021-02-16 10:58:27.172419,1
131,0.6764,102.13877390104476,102.57033032018248,44.0,15400.0,83.44766410408043,1.0,1.0,0.0,['SNDL'],2021-01-18 02:22:07.000000,2021-02-16,2021-02-16 10:58:27.172419,0
107,35.1,99.70560303893637,85.61660561660563,24.0,277000.0,59.10446343779677,5.0,4.0,2.0,['STPK'],2021-01-18 13:50:08.000000,2021-02-16,2021-02-16 10:58:27.172419,0
463,4.09,103.50448247758762,90.71987425777158,22.0,91600.0,49.986145069274656,10.0,3.0,2.0,['OEG'],2021-01-18 14:59:01.000000,2021-02-16,2021-02-16 10:58:27.172419,1
122,1.6,76.66666666666666,64.89017857142856,3.0,125700.0,43.811875,7.0,5.0,6.0,['SENS'],2021-01-18 14:59:01.000000,2021-02-16,2021-02-16 10:58:27.172419,1
210,18.05,95.32779316712833,76.54135338345864,6.0,115000.0,60.280701754385966,14.0,8.0,14.0,['CCIV'],2021-01-18 16:00:07.000000,2021-02-16,2021-02-16 10:58:27.172419,0
285,8.86,77.99097065462755,63.72025153176396,150.0,158000.0,39.46621519939804,7.0,5.0,0.0,['GEVO'],2021-01-18 17:13:47.000000,2021-02-16,2021-02-16 10:58:27.172419,1
1,99.7712,104.96348979799113,105.04150639520365,86.0,90600.0,97.16974771610778,2.0,3.0,0.0,['FSLR'],2021-01-18 18:25:26.000000,2021-02-16,2021-02-16 10:58:27.172419,0
222,46.52,100.46574949842362,102.76378823240388,77.0,90600.0,91.5367344989013,3.0,3.0,0.0,['BEP'],2021-01-18 18:25:26.000000,2021-02-16,2021-02-16 10:58:27.172419,0
135,59.47,99.04713861330642,98.33529510677651,83.0,60300.0,95.31472451095787,4.0,2.0,2.0,['TD'],2021-01-18 23:52:36.000000,2021-02-16,2021-02-16 10:58:27.172419,0
123,1.6,76.66666666666666,64.89017857142856,4.0,138700.0,43.811875,8.0,5.0,7.0,['SENS'],2021-01-19 00:24:49.000000,2021-02-16,2021-02-16 10:58:27.172419,1
270,258.0,102.67312661498708,93.93521594684385,50.0,15500.0,82.79108527131785,3.0,3.0,1.0,['FVRR'],2021-01-19 01:50:48.000000,2021-02-16,2021-02-16 10:58:27.172419,0
340,25.75,103.59870550161811,95.59500693481276,49.0,15500.0,80.47508090614888,11.0,6.0,2.0,['SKLZ'],2021-01-19 01:50:48.000000,2021-02-16,2021-02-16 10:58:27.172419,0
295,10.85,79.38556067588326,72.60039499670835,48.0,15500.0,70.37173579109063,2.0,3.0,0.0,['BB'],2021-01-19 01:50:48.000000,2021-02-16,2021-02-16 10:58:27.172419,0
308,8.39,82.71752085816446,83.97752426357907,2.0,34100.0,78.68682955899881,1.0,2.0,1.0,['GILT'],2021-01-19 02:00:05.000000,2021-02-16,2021-02-16 10:58:27.172419,0
293,26.0,92.25641025641026,96.21978021978022,39.0,47100.0,88.10897435897434,6.0,6.0,0.0,['TPGY'],2021-01-19 02:51:11.000000,2021-02-16,2021-02-16 10:58:27.172419,0
499,2.7,69.75308641975307,57.45502645502644,10.0,38300.0,31.051851851851843,9.0,6.0,4.0,['TRXC'],2021-01-19 13:30:00.000000,2021-02-16,2021-02-16 10:58:27.172419,1
429,785.09,101.97217304173193,102.52837254327531,8.0,38300.0,100.54104200367688,2.0,1.0,1.0,['ISRG'],2021-01-19 13:30:00.000000,2021-02-16,2021-02-16 10:58:27.172419,0
185,34.2,95.57504873294346,80.63492063492062,60.0,6380.0,55.59844054580898,8.0,5.0,1.0,['NGA'],2021-01-19 13:59:08.000000,2021-02-16,2021-02-16 10:58:27.172419,0
52,17.39,93.32949971247842,92.17119855417728,44.0,28400.0,85.09488211615873,4.0,3.0,0.0,['DMYD'],2021-01-19 14:00:09.000000,2021-02-16,2021-02-16 10:58:27.172419,0
262,6.21,50.34621578099839,50.079365079365076,1.0,162000.0,47.068974771873314,2.0,2.0,2.0,['CRNT'],2021-01-19 15:24:51.000000,2021-02-16,2021-02-16 10:58:27.172419,1
355,14.87,99.77583501457072,99.21222019406284,88.0,119000.0,98.41739520286932,7.0,2.0,0.0,['FSD'],2021-01-19 15:43:58.000000,2021-02-16,2021-02-16 10:58:27.172419,0
124,1.6,76.66666666666666,64.89017857142856,4.0,153100.0,43.811875,9.0,5.0,8.0,['SENS'],2021-01-19 15:59:56.000000,2021-02-16,2021-02-16 10:58:27.172419,1
421,23.44,98.53526734926051,95.22184300341296,83.0,40300.0,85.81058020477816,11.0,2.0,0.0,['ETH'],2021-01-19 16:00:30.000000,2021-02-16,2021-02-16 10:58:27.172419,0
246,17.99,97.66536964980547,95.26721194314302,139.0,40300.0,98.10079673892906,10.0,1.0,0.0,['DOC'],2021-01-19 16:00:30.000000,2021-02-16,2021-02-16 10:58:27.172419,0
109,21.66,99.58448753462604,97.15736710196543,49.0,40300.0,89.03662665435519,3.0,1.0,0.0,['VST'],2021-01-19 16:00:30.000000,2021-02-16,2021-02-16 10:58:27.172419,0
344,69.5,100.31654676258994,98.37307297019528,9.0,40300.0,88.60701438848919,1.0,1.0,0.0,['IBKR'],2021-01-19 16:00:30.000000,2021-02-16,2021-02-16 10:58:27.172419,0
136,59.47,99.04713861330642,98.33529510677651,84.0,60300.0,95.31472451095787,5.0,2.0,2.0,['TD'],2021-01-19 16:53:53.000000,2021-02-16,2021-02-16 10:58:27.172419,0
263,6.21,50.34621578099839,50.079365079365076,2.0,268000.0,47.068974771873314,3.0,3.0,2.0,['CRNT'],2021-01-19 17:15:11.000000,2021-02-16,2021-02-16 10:58:27.172419,1
125,1.6,76.66666666666666,64.89017857142856,4.0,153100.0,43.811875,10.0,5.0,8.0,['SENS'],2021-01-19 18:27:33.000000,2021-02-16,2021-02-16 10:58:27.172419,1
126,3.33,43.94394394394394,34.09566709566709,5.0,153100.0,22.280980980980985,11.0,5.0,8.0,['SENS'],2021-01-19 22:31:57.000000,2021-02-16,2021-02-16 10:58:27.172419,1
150,17.73,95.03666102650874,95.68125050358552,104.0,373000.0,65.36914833615342,10.0,5.0,2.0,['FCEL'],2021-01-20 02:25:09.000000,2021-02-16,2021-02-16 10:58:27.172419,0
127,3.33,43.94394394394394,34.09566709566709,5.0,146300.0,22.280980980980985,12.0,6.0,9.0,['SENS'],2021-01-20 13:30:01.000000,2021-02-16,2021-02-16 10:58:27.172419,1
286,8.7,86.85823754789273,71.69014778325125,152.0,40300.0,42.86252873563218,8.0,6.0,1.0,['GEVO'],2021-01-20 13:30:01.000000,2021-02-16,2021-02-16 10:58:27.172419,1
341,27.95,94.78831246273107,89.44032711474573,50.0,395000.0,75.2856290995826,12.0,6.0,3.0,['SKLZ'],2021-01-20 13:51:22.000000,2021-02-16,2021-02-16 10:58:27.172419,0
412,77.25,100.78532901833871,99.93712436430883,95.0,119000.0,90.29210787486515,2.0,3.0,0.0,['RDFN'],2021-01-20 15:10:06.000000,2021-02-16,2021-02-16 10:58:27.172419,0
317,2.78,74.70023980815347,64.23432682425488,6.0,158000.0,30.375899280575542,4.0,2.0,4.0,['ISR'],2021-01-20 15:50:16.000000,2021-02-16,2021-02-16 10:58:27.172419,1
217,25.58,100.12379463122232,100.22059644811796,2.0,15500.0,102.20869429241597,1.0,1.0,1.0,['AFC'],2021-01-20 15:50:30.000000,2021-02-16,2021-02-16 10:58:27.172419,0
287,8.7,86.85823754789273,71.69014778325125,152.0,55800.0,42.86252873563218,9.0,6.0,1.0,['GEVO'],2021-01-20 15:50:30.000000,2021-02-16,2021-02-16 10:58:27.172419,1
345,69.9,99.73295183595611,99.05885959534028,10.0,40300.0,88.55307582260372,2.0,1.0,0.0,['IBKR'],2021-01-20 16:00:01.000000,2021-02-16,2021-02-16 10:58:27.172419,0
422,23.84,98.1403803131991,94.57094918504313,84.0,40300.0,85.04054809843402,12.0,2.0,0.0,['ETH'],2021-01-20 16:00:01.000000,2021-02-16,2021-02-16 10:58:27.172419,0
405,46.08,94.1333912037037,95.91703869047619,35.0,40300.0,111.96700665509259,1.0,1.0,0.0,['CMPS'],2021-01-20 16:00:01.000000,2021-02-16,2021-02-16 10:58:27.172419,0
57,2.06,88.02588996763753,82.38973647711511,0.0,197600.0,74.21475728155339,1.0,2.0,0.0,['TMDI'],2021-01-20 16:32:39.000000,2021-02-16,2021-02-16 10:58:27.172419,0
500,4.1,54.79674796747969,43.902439024390254,11.0,106000.0,22.245528455284553,10.0,6.0,5.0,['TRXC'],2021-01-20 16:32:39.000000,2021-02-16,2021-02-16 10:58:27.172419,1
82,136.89,99.77597584435192,100.33916700583369,34.0,90600.0,90.60754376993694,1.0,1.0,0.0,['RBC'],2021-01-20 18:30:56.000000,2021-02-16,2021-02-16 10:58:27.172419,0
58,2.06,88.02588996763753,82.38973647711511,0.0,197600.0,74.21475728155339,2.0,2.0,0.0,['TMDI'],2021-01-20 19:44:24.000000,2021-02-16,2021-02-16 10:58:27.172419,0
128,3.33,43.94394394394394,34.09566709566709,5.0,146300.0,22.280980980980985,13.0,6.0,11.0,['SENS'],2021-01-20 21:07:36.000000,2021-02-16,2021-02-16 10:58:27.172419,1
59,2.06,88.02588996763753,82.38973647711511,0.0,197600.0,74.21475728155339,3.0,2.0,0.0,['TMDI'],2021-01-20 21:07:36.000000,2021-02-16,2021-02-16 10:58:27.172419,0
89,164.6901,97.7674634561114,96.76789488690751,105.0,46600.0,91.43111415521234,10.0,7.0,0.0,['ARKW'],2021-01-20 22:00:03.000000,2021-02-16,2021-02-16 10:58:27.172419,0
288,9.46,85.02466525722339,72.0693144065237,152.0,116100.0,41.86088794926003,10.0,6.0,1.0,['GEVO'],2021-01-20 22:42:36.000000,2021-02-16,2021-02-16 10:58:27.172419,1
137,59.25,100.0618846694796,99.1416515973478,85.0,60300.0,96.12601969057667,6.0,2.0,4.0,['TD'],2021-01-20 22:42:36.000000,2021-02-16,2021-02-16 10:58:27.172419,0
322,36.87,89.92224934454389,82.8211089154946,0.0,22140.0,62.24871168972065,1.0,2.0,0.0,['SSYS'],2021-01-21 00:05:43.000000,2021-02-16,2021-02-16 10:58:27.172419,0
472,46.0,101.72463768115942,99.86645962732918,130.0,15500.0,92.47753623188405,2.0,2.0,1.0,['CTO'],2021-01-21 03:10:55.000000,2021-02-16,2021-02-16 10:58:27.172419,0
370,23.0,94.31884057971013,88.03105590062113,47.0,12800.0,60.94057971014492,11.0,7.0,2.0,['IPOE'],2021-01-21 03:35:23.000000,2021-02-16,2021-02-16 10:58:27.172419,0
50,17.89,96.11291224147568,98.17040645212809,34.0,14300.0,99.00340972610395,1.0,2.0,0.0,['GOEV'],2021-01-21 13:00:12.000000,2021-02-16,2021-02-16 10:58:27.172419,0
289,9.46,85.02466525722339,72.0693144065237,153.0,86400.0,41.86088794926003,11.0,7.0,2.0,['GEVO'],2021-01-21 14:09:02.000000,2021-02-16,2021-02-16 10:58:27.172419,1
130,2.21,106.98642533936652,106.40917905623789,7.0,6380.0,71.12941176470589,1.0,2.0,0.0,['OCGN'],2021-01-21 14:50:49.000000,2021-02-16,2021-02-16 10:58:27.172419,0
251,1.04,87.60576923076923,85.85302197802197,0.0,102200.0,47.3573717948718,1.0,2.0,0.0,['BIOL'],2021-01-21 14:59:01.000000,2021-02-16,2021-02-16 10:58:27.172419,0
356,14.84,100.4043126684636,99.7497112052368,90.0,119000.0,98.73989218328842,8.0,2.0,1.0,['FSD'],2021-01-21 16:00:01.000000,2021-02-16,2021-02-16 10:58:27.172419,0
84,15.44,95.59153713298792,92.61472982975576,35.0,115000.0,75.20677892918826,2.0,3.0,0.0,['EXPC'],2021-01-21 16:00:02.000000,2021-02-16,2021-02-16 10:58:27.172419,0
249,13.55,94.31734317343172,89.92092778070638,55.0,91600.0,86.2939729397294,14.0,6.0,0.0,['VGAC'],2021-01-21 18:44:45.000000,2021-02-16,2021-02-16 10:58:27.172419,0
138,59.25,100.0618846694796,99.1416515973478,86.0,60300.0,96.12601969057667,7.0,2.0,3.0,['TD'],2021-01-21 19:38:44.000000,2021-02-16,2021-02-16 10:58:27.172419,0
129,2.23,110.9118086696562,76.80269058295964,6.0,47100.0,40.68729446935725,14.0,6.0,14.0,['SENS'],2021-01-21 22:05:50.000000,2021-02-16,2021-02-16 10:58:27.172419,1
10,31.11,99.51783992285438,99.04945584791294,91.0,106000.0,103.98585663773706,2.0,1.0,0.0,['STOR'],2021-01-21 23:37:18.000000,2021-02-16,2021-02-16 10:58:27.172419,0
151,16.81,99.68272853460242,103.16988187303477,105.0,373000.0,72.45954788816181,11.0,5.0,3.0,['FCEL'],2021-01-22 00:35:40.000000,2021-02-16,2021-02-16 10:58:27.172419,0
60,2.45,91.15646258503402,78.36734693877551,2.0,106000.0,65.03492063492064,4.0,2.0,4.0,['TMDI'],2021-01-22 16:16:30.000000,2021-02-16,2021-02-16 10:58:27.172419,1
220,367.63,98.3434431357615,98.32556802064188,51.0,38300.0,97.59804513596099,1.0,1.0,0.0,['DXCM'],2021-01-22 16:18:56.000000,2021-02-16,2021-02-16 10:58:27.172419,0
101,1.09,99.69113149847095,88.51769331585845,3.0,158000.0,46.69816513761467,1.0,2.0,1.0,['GSAT'],2021-01-22 16:20:29.000000,2021-02-16,2021-02-16 10:58:27.172419,0
346,68.115,101.44608382881893,101.84771552311743,12.0,40300.0,91.63506161964652,3.0,1.0,2.0,['IBKR'],2021-01-22 17:00:32.000000,2021-02-16,2021-02-16 10:58:27.172419,0
264,4.9,118.33333333333333,87.50583090379008,5.0,162000.0,65.39761904761906,4.0,3.0,4.0,['CRNT'],2021-01-22 19:52:07.000000,2021-02-16,2021-02-16 10:58:27.172419,1
139,58.31,101.70353855828046,101.16373079844182,87.0,60300.0,97.90201795003718,8.0,2.0,5.0,['TD'],2021-01-22 20:16:17.000000,2021-02-16,2021-02-16 10:58:27.172419,0
100,18.77,109.00372935535431,119.32414947865136,144.0,60300.0,73.63510921683537,14.0,6.0,0.0,['MARA'],2021-01-22 20:16:17.000000,2021-02-16,2021-02-16 10:58:27.172419,0
488,20.3,115.51724137931035,119.76073187895848,39.0,60300.0,81.41789819376025,4.0,5.0,0.0,['RIOT'],2021-01-22 20:16:17.000000,2021-02-16,2021-02-16 10:58:27.172419,0
290,12.5935,72.33890499066977,64.56845651668377,154.0,15400.0,35.45061605854872,12.0,8.0,5.0,['GEVO'],2021-01-22 21:51:39.000000,2021-02-16,2021-02-16 10:58:27.172419,0
271,22.49,71.9430858159182,63.43771835101315,0.0,182200.0,51.39024751741515,1.0,2.0,0.0,['CLII'],2021-01-23 16:59:01.000000,2021-02-16,2021-02-16 10:58:27.172419,0
140,57.41,102.62439760784997,102.75213377460375,88.0,60300.0,99.60634035882252,9.0,2.0,5.0,['TD'],2021-01-23 19:22:55.000000,2021-02-16,2021-02-16 10:58:27.172419,0
213,2.48,67.8763440860215,57.584101382488484,0.0,140100.0,41.51868279569892,1.0,2.0,0.0,['ATOS'],2021-01-23 19:36:45.000000,2021-02-16,2021-02-16 10:58:27.172419,1
90,167.5,97.65773134328357,96.39233262260129,108.0,46600.0,90.78049552238804,11.0,7.0,1.0,['ARKW'],2021-01-23 22:00:07.000000,2021-02-16,2021-02-16 10:58:27.172419,0
464,6.9411,61.11903492722095,60.74994288677999,28.0,15500.0,34.98965101592928,11.0,3.0,1.0,['OEG'],2021-01-24 03:58:01.000000,2021-02-16,2021-02-16 10:58:27.172419,1
291,12.5935,72.33890499066977,64.56845651668377,155.0,15500.0,35.45061605854872,13.0,8.0,6.0,['GEVO'],2021-01-24 03:58:01.000000,2021-02-16,2021-02-16 10:58:27.172419,0
141,57.41,102.62439760784997,102.75213377460375,89.0,60300.0,99.60634035882252,10.0,2.0,5.0,['TD'],2021-01-24 04:29:09.000000,2021-02-16,2021-02-16 10:58:27.172419,0
252,1.08,95.8425925925926,94.22354497354497,3.0,91600.0,50.315740740740736,2.0,2.0,2.0,['BIOL'],2021-01-24 16:59:01.000000,2021-02-16,2021-02-16 10:58:27.172419,0
465,6.9411,61.11903492722095,60.74994288677999,28.0,107100.0,34.98965101592928,12.0,3.0,1.0,['OEG'],2021-01-24 16:59:01.000000,2021-02-16,2021-02-16 10:58:27.172419,1
61,3.05,79.23497267759565,67.16627634660422,4.0,91600.0,53.24426229508197,5.0,2.0,5.0,['TMDI'],2021-01-24 16:59:01.000000,2021-02-16,2021-02-16 10:58:27.172419,1
214,2.48,67.8763440860215,57.584101382488484,1.0,192100.0,41.51868279569892,2.0,3.0,1.0,['ATOS'],2021-01-24 18:10:54.000000,2021-02-16,2021-02-16 10:58:27.172419,1
309,10.87,83.90064397424104,74.34616901038245,8.0,158000.0,63.803982126429226,2.0,2.0,1.0,['GILT'],2021-01-24 18:10:54.000000,2021-02-16,2021-02-16 10:58:27.172419,0
274,2.77,90.73405535499398,75.39969056214544,3.0,158000.0,63.50180505415162,1.0,1.0,1.0,['ECOR'],2021-01-24 18:10:54.000000,2021-02-16,2021-02-16 10:58:27.172419,1
454,5.94,79.55948372615039,70.36964886964886,27.0,47100.0,47.414197530864186,2.0,1.0,0.0,['AQMS'],2021-01-24 22:20:32.000000,2021-02-16,2021-02-16 10:58:27.172419,0
156,11.56,64.47520184544406,60.50420168067227,0.0,192100.0,59.66078431372551,1.0,2.0,0.0,['VYNE'],2021-01-24 22:28:55.000000,2021-02-16,2021-02-16 10:58:27.172419,0
430,747.41,105.47178478568212,106.1136840173781,14.0,38300.0,106.07216922438822,3.0,1.0,1.0,['ISRG'],2021-01-25 00:47:49.000000,2021-02-16,2021-02-16 10:58:27.172419,0
501,4.08,83.82352941176471,65.1610644257703,16.0,38300.0,29.42156862745098,11.0,6.0,2.0,['TRXC'],2021-01-25 00:47:49.000000,2021-02-16,2021-02-16 10:58:27.172419,1
51,20.5,71.72357723577237,70.35191637630662,0.0,153300.0,69.05574912891986,1.0,2.0,0.0,['AUPH'],2021-01-25 11:00:12.000000,2021-02-16,2021-02-16 10:58:27.172419,0
489,22.01,96.84991670452824,108.52210034399947,42.0,60300.0,76.54626684840224,5.0,5.0,1.0,['RIOT'],2021-01-25 14:43:22.000000,2021-02-16,2021-02-16 10:58:27.172419,0
62,3.05,79.23497267759565,67.16627634660422,5.0,91600.0,53.24426229508197,6.0,2.0,6.0,['TMDI'],2021-01-25 16:59:01.000000,2021-02-16,2021-02-16 10:58:27.172419,1
253,1.08,95.8425925925926,94.22354497354497,4.0,91600.0,50.315740740740736,3.0,2.0,3.0,['BIOL'],2021-01-25 16:59:01.000000,2021-02-16,2021-02-16 10:58:27.172419,1
466,6.9411,61.11903492722095,60.74994288677999,29.0,91600.0,34.98965101592928,13.0,3.0,2.0,['OEG'],2021-01-25 16:59:01.000000,2021-02-16,2021-02-16 10:58:27.172419,1
292,12.5935,72.33890499066977,64.56845651668377,157.0,10600.0,35.45061605854872,14.0,8.0,6.0,['GEVO'],2021-01-25 17:46:21.000000,2021-02-16,2021-02-16 10:58:27.172419,0
404,8.08,98.0404290429043,120.6417963224894,37.0,162000.0,142.59467821782175,1.0,1.0,0.0,['TRIT'],2021-01-25 18:38:19.000000,2021-02-16,2021-02-16 10:58:27.172419,0
142,57.41,102.62439760784997,102.75213377460375,90.0,60300.0,99.60634035882252,11.0,2.0,7.0,['TD'],2021-01-25 18:54:54.000000,2021-02-16,2021-02-16 10:58:27.172419,0
347,69.88,98.22314443808433,99.06267887807671,15.0,40300.0,89.61178346553275,4.0,1.0,3.0,['IBKR'],2021-01-25 21:15:01.000000,2021-02-16,2021-02-16 10:58:27.172419,0
168,13.54,100.34465780403742,105.15931631145813,3.0,40300.0,84.76612506154603,1.0,1.0,1.0,['MTRX'],2021-01-25 21:15:01.000000,2021-02-16,2021-02-16 10:58:27.172419,0
110,21.23,100.69084628670122,101.27178520960904,56.0,40300.0,92.41796200345422,4.0,1.0,1.0,['VST'],2021-01-25 21:15:01.000000,2021-02-16,2021-02-16 10:58:27.172419,0
275,8.47,98.18968909878,98.36397368864901,3.0,40300.0,95.45060999606453,1.0,1.0,1.0,['WSR'],2021-01-25 21:15:01.000000,2021-02-16,2021-02-16 10:58:27.172419,0
63,3.42,80.31189083820664,65.74770258980786,5.0,197600.0,48.92175841903612,7.0,2.0,6.0,['TMDI'],2021-01-26 00:31:59.000000,2021-02-16,2021-02-16 10:58:27.172419,1
215,3.36,60.61507936507937,48.45493197278911,2.0,106000.0,32.24027777777778,3.0,3.0,3.0,['ATOS'],2021-01-26 00:31:59.000000,2021-02-16,2021-02-16 10:58:27.172419,1
473,1.27,96.58792650918633,89.89651293588301,6.0,7840.0,86.46719160104986,1.0,1.0,1.0,['UXIN'],2021-01-26 01:50:30.000000,2021-02-16,2021-02-16 10:58:27.172419,0
467,9.05,54.98379373848987,50.85730071033937,29.0,107100.0,28.902799263351746,14.0,3.0,2.0,['OEG'],2021-01-26 02:57:58.000000,2021-02-16,2021-02-16 10:58:27.172419,1
371,20.4,109.88562091503269,106.25350140056022,52.0,12800.0,74.38071895424837,12.0,7.0,1.0,['IPOE'],2021-01-26 04:36:45.000000,2021-02-16,2021-02-16 10:58:27.172419,0
342,28.75,99.75652173913045,96.13416149068323,56.0,395000.0,77.9095652173913,13.0,6.0,1.0,['SKLZ'],2021-01-26 13:52:03.000000,2021-02-16,2021-02-16 10:58:27.172419,0
233,5.08,84.71128608923884,82.50843644544432,33.0,26300.0,79.12073490813651,2.0,1.0,0.0,['NOK'],2021-01-26 14:20:53.000000,2021-02-16,2021-02-16 10:58:27.172419,0
91,166.68,98.93610511159106,97.58734444101616,110.0,158000.0,91.67166426685867,12.0,7.0,2.0,['ARKW'],2021-01-26 16:11:37.000000,2021-02-16,2021-02-16 10:58:27.172419,0
108,32.05,107.73790951638067,107.45709828393137,33.0,106000.0,75.56110244409778,6.0,4.0,0.0,['STPK'],2021-01-26 17:43:05.000000,2021-02-16,2021-02-16 10:58:27.172419,0
152,20.27,87.8473935208025,84.7557967439566,110.0,373000.0,64.84846242394345,12.0,5.0,2.0,['FCEL'],2021-01-26 23:05:12.000000,2021-02-16,2021-02-16 10:58:27.172419,0
41,1.312,100.60975609756098,96.24891114982579,19.0,7840.0,71.92886178861788,2.0,1.0,0.0,['TBLT'],2021-01-27 00:12:02.000000,2021-02-16,2021-02-16 10:58:27.172419,0
143,57.3,101.0762070971495,102.43330840189479,92.0,60300.0,99.97498545666085,12.0,2.0,6.0,['TD'],2021-01-27 01:31:56.000000,2021-02-16,2021-02-16 10:58:27.172419,0
296,20.25,83.96707818930041,69.41093474426808,56.0,78000.0,44.16296296296296,3.0,4.0,0.0,['BB'],2021-01-27 16:36:52.000000,2021-02-16,2021-02-16 10:58:27.172419,0
272,42.98,70.80037226617033,64.66339825832614,12.0,78000.0,49.65109353187529,1.0,2.0,0.0,['BBBY'],2021-01-27 16:36:52.000000,2021-02-16,2021-02-16 10:58:27.172419,0
416,81.01,85.5244208533926,80.31213077750543,156.0,26300.0,72.79195161091224,4.0,1.0,0.0,['OSTK'],2021-01-27 17:09:48.000000,2021-02-16,2021-02-16 10:58:27.172419,0
234,4.99,92.25116900467602,86.74491840824507,35.0,60300.0,81.18236472945891,3.0,2.0,1.0,['NOK'],2021-01-27 17:54:21.000000,2021-02-16,2021-02-16 10:58:27.172419,0
273,42.98,70.80037226617033,64.66339825832614,12.0,78000.0,49.65109353187529,2.0,2.0,0.0,['BBBY'],2021-01-27 18:43:00.000000,2021-02-16,2021-02-16 10:58:27.172419,0
297,20.25,83.96707818930041,69.41093474426808,56.0,78000.0,44.16296296296296,4.0,4.0,0.0,['BB'],2021-01-27 18:43:00.000000,2021-02-16,2021-02-16 10:58:27.172419,0
144,57.3,101.0762070971495,102.43330840189479,92.0,138300.0,99.97498545666085,13.0,3.0,6.0,['TD'],2021-01-27 18:43:00.000000,2021-02-16,2021-02-16 10:58:27.172419,0
235,4.99,92.25116900467602,86.74491840824507,35.0,138300.0,81.18236472945891,4.0,3.0,1.0,['NOK'],2021-01-27 18:43:00.000000,2021-02-16,2021-02-16 10:58:27.172419,0
92,159.7,103.67564182842831,102.37410322926918,112.0,90200.0,96.31621582133162,13.0,8.0,3.0,['ARKW'],2021-01-27 19:21:59.000000,2021-02-16,2021-02-16 10:58:27.172419,0
236,4.99,92.25116900467602,86.74491840824507,35.0,153800.0,81.18236472945891,5.0,4.0,1.0,['NOK'],2021-01-27 20:04:57.000000,2021-02-16,2021-02-16 10:58:27.172419,0
265,7.93,35.350987810004206,23.869573049900918,4.0,15400.0,15.762168978562421,1.0,2.0,1.0,['EXPR'],2021-01-27 21:00:44.000000,2021-02-16,2021-02-16 10:58:27.172419,1
298,20.25,83.96707818930041,69.41093474426808,56.0,93400.0,44.16296296296296,5.0,5.0,0.0,['BB'],2021-01-27 21:00:44.000000,2021-02-16,2021-02-16 10:58:27.172419,0
237,5.18,94.01544401544402,86.04522890237176,35.0,161640.0,78.79665379665379,6.0,5.0,1.0,['NOK'],2021-01-28 00:07:59.000000,2021-02-16,2021-02-16 10:58:27.172419,0
455,6.54,101.07033639143731,82.67256443861947,30.0,47100.0,51.41289500509684,3.0,1.0,1.0,['AQMS'],2021-01-28 00:42:13.000000,2021-02-16,2021-02-16 10:58:27.172419,0
299,19.47,100.82177709296354,79.21344192530634,57.0,107700.0,47.97808594418764,6.0,6.0,0.0,['BB'],2021-01-28 00:48:28.000000,2021-02-16,2021-02-16 10:58:27.172419,0
357,14.89,100.0,99.93284083277366,96.0,119000.0,98.73964629505261,9.0,2.0,1.0,['FSD'],2021-01-28 01:14:38.000000,2021-02-16,2021-02-16 10:58:27.172419,0
408,60.8499,115.13335820327286,125.00445475553077,35.0,38300.0,109.25165037247392,2.0,1.0,0.0,['NTLA'],2021-01-28 01:28:56.000000,2021-02-16,2021-02-16 10:58:27.172419,0
167,35.6,100.84269662921348,93.84028892455856,68.0,34100.0,90.25327715355806,8.0,4.0,0.0,['LAZR'],2021-01-28 02:08:41.000000,2021-02-16,2021-02-16 10:58:27.172419,0
266,7.11,71.0267229254571,40.024110910186856,4.0,192400.0,20.77740271917487,2.0,2.0,1.0,['EXPR'],2021-01-28 04:02:33.000000,2021-02-16,2021-02-16 10:58:27.172419,1
300,19.47,100.82177709296354,79.21344192530634,57.0,284700.0,47.97808594418764,7.0,7.0,0.0,['BB'],2021-01-28 04:02:33.000000,2021-02-16,2021-02-16 10:58:27.172419,0
238,5.18,94.01544401544402,86.04522890237176,35.0,161640.0,78.79665379665379,7.0,5.0,1.0,['NOK'],2021-01-28 05:57:09.000000,2021-02-16,2021-02-16 10:58:27.172419,0
301,19.47,100.82177709296354,79.21344192530634,57.0,300200.0,47.97808594418764,8.0,7.0,0.0,['BB'],2021-01-28 05:57:09.000000,2021-02-16,2021-02-16 10:58:27.172419,0
254,1.21,94.4435261707989,87.46871310507676,7.0,10600.0,51.901652892561984,4.0,2.0,3.0,['BIOL'],2021-01-28 11:59:00.000000,2021-02-16,2021-02-16 10:58:27.172419,1
302,19.47,100.82177709296354,79.21344192530634,57.0,695200.0,47.97808594418764,9.0,7.0,0.0,['BB'],2021-01-28 14:00:13.000000,2021-02-16,2021-02-16 10:58:27.172419,0
255,1.21,94.4435261707989,87.46871310507676,7.0,102200.0,51.901652892561984,5.0,2.0,2.0,['BIOL'],2021-01-28 14:59:01.000000,2021-02-16,2021-02-16 10:58:27.172419,1
64,2.83,109.06949352179033,92.93286219081271,8.0,91600.0,62.886454652532386,8.0,2.0,4.0,['TMDI'],2021-01-28 14:59:01.000000,2021-02-16,2021-02-16 10:58:27.172419,1
348,63.49,105.83293957053603,107.327363139302,18.0,78000.0,99.75271696330131,5.0,2.0,2.0,['IBKR'],2021-01-28 15:14:29.000000,2021-02-16,2021-02-16 10:58:27.172419,0
333,62.36,102.06863373957667,102.68945294602769,163.0,91600.0,100.65507269617277,7.0,5.0,0.0,['CFO'],2021-01-28 16:59:02.000000,2021-02-16,2021-02-16 10:58:27.172419,0
303,19.47,100.82177709296354,79.21344192530634,57.0,705800.0,47.97808594418764,10.0,8.0,1.0,['BB'],2021-01-28 17:06:21.000000,2021-02-16,2021-02-16 10:58:27.172419,0
402,7.7,105.06493506493507,75.51020408163265,1.0,158000.0,46.450216450216445,1.0,1.0,1.0,['AMTX'],2021-01-28 17:14:36.000000,2021-02-16,2021-02-16 10:58:27.172419,0
170,2.26,95.26106194690267,88.62895069532237,1.0,106000.0,65.62935103244838,1.0,1.0,1.0,['TTOO'],2021-01-28 17:37:54.000000,2021-02-16,2021-02-16 10:58:27.172419,0
85,3.39,78.56440511307767,74.63126843657817,50.0,7840.0,77.03392330383483,4.0,3.0,0.0,['DS'],2021-01-28 17:49:52.000000,2021-02-16,2021-02-16 10:58:27.172419,0
69,42.0,94.09523809523809,90.7517006802721,52.0,60300.0,91.1676111111111,1.0,2.0,0.0,['CRSR'],2021-01-28 20:00:03.000000,2021-02-16,2021-02-16 10:58:27.172419,0
169,162.4763,81.92989787843929,68.79157144765112,149.0,90200.0,55.993577730003274,2.0,3.0,1.0,['FIZZ'],2021-01-28 21:56:37.000000,2021-02-16,2021-02-16 10:58:27.172419,0
239,5.13,99.09031838856401,89.9749373433584,36.0,69940.0,80.29889538661469,8.0,6.0,4.0,['NOK'],2021-01-28 22:00:05.000000,2021-02-16,2021-02-16 10:58:27.172419,1
304,17.98,109.02855024100852,92.62672811059907,57.0,659000.0,54.02855024100852,11.0,9.0,3.0,['BB'],2021-01-28 22:00:05.000000,2021-02-16,2021-02-16 10:58:27.172419,0
305,17.98,109.02855024100852,92.62672811059907,58.0,687400.0,54.02855024100852,12.0,10.0,3.0,['BB'],2021-01-28 23:10:21.000000,2021-02-16,2021-02-16 10:58:27.172419,0
321,52.24,99.82133741704952,99.64723255305184,136.0,15500.0,99.58652373660034,3.0,3.0,1.0,['ITM'],2021-01-29 00:42:39.000000,2021-02-16,2021-02-16 10:58:27.172419,0
306,17.98,109.02855024100852,92.62672811059907,58.0,673100.0,54.02855024100852,13.0,10.0,4.0,['BB'],2021-01-29 01:04:42.000000,2021-02-16,2021-02-16 10:58:27.172419,0
267,7.48,81.86274509803921,49.27425515660809,5.0,572000.0,22.414527629233515,3.0,3.0,2.0,['EXPR'],2021-01-29 01:04:42.000000,2021-02-16,2021-02-16 10:58:27.172419,1
240,5.13,99.09031838856401,89.9749373433584,36.0,457100.0,80.29889538661469,9.0,7.0,5.0,['NOK'],2021-01-29 01:04:42.000000,2021-02-16,2021-02-16 10:58:27.172419,1
372,23.19,85.98533850797757,92.97726852707447,55.0,12800.0,69.25111398591346,13.0,7.0,1.0,['IPOE'],2021-01-29 03:04:50.000000,2021-02-16,2021-02-16 10:58:27.172419,0
230,18.8336,97.48286749922124,96.5959015498137,43.0,60300.0,66.74351513606886,1.0,2.0,0.0,['TLRY'],2021-01-29 03:12:57.000000,2021-02-16,2021-02-16 10:58:27.172419,0
241,5.13,99.09031838856401,89.9749373433584,36.0,467900.0,80.29889538661469,10.0,7.0,6.0,['NOK'],2021-01-29 14:27:40.000000,2021-02-16,2021-02-16 10:58:27.172419,1
307,17.98,109.02855024100852,92.62672811059907,58.0,572200.0,54.02855024100852,14.0,11.0,7.0,['BB'],2021-01-29 14:59:01.000000,2021-02-16,2021-02-16 10:58:27.172419,0
242,5.13,99.09031838856401,89.9749373433584,36.0,559500.0,80.29889538661469,11.0,8.0,6.0,['NOK'],2021-01-29 14:59:01.000000,2021-02-16,2021-02-16 10:58:27.172419,1
103,2.82,81.08747044917259,78.01418439716313,4.0,158000.0,69.33806146572104,1.0,2.0,1.0,['SOS'],2021-01-29 16:31:07.000000,2021-02-16,2021-02-16 10:58:27.172419,0
373,23.19,85.98533850797757,92.97726852707447,55.0,118800.0,69.25111398591346,14.0,7.0,1.0,['IPOE'],2021-01-29 16:38:50.000000,2021-02-16,2021-02-16 10:58:27.172419,0
256,1.16,102.25,95.36453201970444,8.0,91600.0,56.753735632183925,6.0,2.0,4.0,['BIOL'],2021-01-29 16:59:01.000000,2021-02-16,2021-02-16 10:58:27.172419,1
145,57.25,100.36681222707422,101.44479101684341,94.0,60300.0,100.13508005822419,14.0,3.0,5.0,['TD'],2021-01-29 21:05:58.000000,2021-02-16,2021-02-16 10:58:27.172419,0
36,19.3,100.0,100.0,1.0,15500.0,100.0,1.0,2.0,1.0,['HIMS'],2021-01-30 03:45:56.000000,2021-02-16,2021-02-16 10:58:27.172419,0
343,28.02,99.6550083273852,101.23381258284897,60.0,395000.0,84.10064239828694,14.0,6.0,1.0,['SKLZ'],2021-01-30 14:47:56.000000,2021-02-16,2021-02-16 10:58:27.172419,0
190,14.81,92.73013729462075,98.53380920227646,56.0,6380.0,90.09002925950932,3.0,3.0,0.0,['IPOF'],2021-01-30 14:53:30.000000,2021-02-16,2021-02-16 10:58:27.172419,0
65,2.65,104.65408805031446,107.7088948787062,10.0,91600.0,70.8309433962264,9.0,2.0,4.0,['TMDI'],2021-01-30 14:59:01.000000,2021-02-16,2021-02-16 10:58:27.172419,1
257,1.14,104.62865497076024,99.35213032581456,9.0,91600.0,60.29327485380117,7.0,2.0,4.0,['BIOL'],2021-01-30 14:59:01.000000,2021-02-16,2021-02-16 10:58:27.172419,1
397,7.59,99.98243302591129,108.02936194240543,10.0,34100.0,94.40755379885813,1.0,2.0,0.0,['PCTI'],2021-01-30 17:00:15.000000,2021-02-16,2021-02-16 10:58:27.172419,0
212,20.48,80.9326171875,66.97474888392857,19.0,106000.0,54.9755859375,2.0,3.0,0.0,['PSAC'],2021-01-30 18:32:08.000000,2021-02-16,2021-02-16 10:58:27.172419,0
456,5.98,106.96767001114826,98.77568084089823,33.0,34100.0,61.75144927536232,4.0,2.0,2.0,['AQMS'],2021-01-30 21:30:03.000000,2021-02-16,2021-02-16 10:58:27.172419,0
399,103.0,101.70873786407766,105.21359223300972,122.0,395000.0,103.6804207119741,8.0,5.0,0.0,['ABBV'],2021-01-30 23:16:59.000000,2021-02-16,2021-02-16 10:58:27.172419,0
218,272.66,100.84354140688033,103.29347905816765,86.0,395000.0,100.66040734492286,5.0,1.0,0.0,['GS'],2021-01-30 23:16:59.000000,2021-02-16,2021-02-16 10:58:27.172419,0
182,15.0,99.15555555555557,103.64761904761906,69.0,28400.0,95.09999999999997,5.0,5.0,0.0,['GIK'],2021-01-31 01:00:17.000000,2021-02-16,2021-02-16 10:58:27.172419,0
53,10.06,105.76540755467197,120.50553819937515,68.0,15500.0,81.10006626905236,8.0,3.0,0.0,['UAVS'],2021-01-31 02:09:06.000000,2021-02-16,2021-02-16 10:58:27.172419,0
219,272.66,100.84354140688033,103.29347905816765,87.0,395000.0,100.66040734492286,6.0,1.0,0.0,['GS'],2021-01-31 14:45:05.000000,2021-02-16,2021-02-16 10:58:27.172419,0
312,36.6551,100.6408385190601,101.56481830437163,46.0,106000.0,100.56035858584481,3.0,4.0,0.0,['VEGA'],2021-01-31 18:29:25.000000,2021-02-16,2021-02-16 10:58:27.172419,0
294,45.65,101.15370573201899,105.23235800344233,121.0,15500.0,99.67214311792624,14.0,7.0,0.0,['BYD'],2021-01-31 21:56:18.000000,2021-02-16,2021-02-16 10:58:27.172419,0
171,2.06,107.92880258899676,100.82316227461857,5.0,38300.0,75.33446601941745,2.0,2.0,2.0,['TTOO'],2021-02-01 01:22:52.000000,2021-02-16,2021-02-16 10:58:27.172419,0
19,26.14,89.36495791889824,95.18635916493604,19.0,60300.0,63.715238459576646,5.0,5.0,0.0,['ACTC'],2021-02-01 02:28:45.000000,2021-02-16,2021-02-16 10:58:27.172419,0
68,21.79,105.17056753862629,110.16193535697894,26.0,60300.0,61.81337004742239,1.0,1.0,0.0,['ISUN'],2021-02-01 02:28:45.000000,2021-02-16,2021-02-16 10:58:27.172419,0
2,27.76,87.8662343900096,86.5531082750103,18.0,177000.0,86.86485350624402,1.0,2.0,0.0,['SLV'],2021-02-01 14:00:11.000000,2021-02-16,2021-02-16 10:58:27.172419,0
243,4.97,102.61569416498993,95.68841621155505,39.0,78000.0,83.60160965794768,12.0,8.0,10.0,['NOK'],2021-02-01 14:24:15.000000,2021-02-16,2021-02-16 10:58:27.172419,1
319,69.61,96.17392137145048,101.9291152748989,100.0,15500.0,101.46626442560932,4.0,3.0,0.0,['PINS'],2021-02-01 14:36:38.000000,2021-02-16,2021-02-16 10:58:27.172419,0
258,1.14,104.62865497076024,99.35213032581456,11.0,91600.0,60.29327485380117,8.0,2.0,5.0,['BIOL'],2021-02-01 14:59:01.000000,2021-02-16,2021-02-16 10:58:27.172419,1
66,2.65,104.65408805031446,107.7088948787062,12.0,91600.0,70.8309433962264,10.0,2.0,4.0,['TMDI'],2021-02-01 14:59:01.000000,2021-02-16,2021-02-16 10:58:27.172419,1
403,7.91,94.01601348504003,85.10023478417916,5.0,158000.0,49.36788874841972,2.0,1.0,2.0,['AMTX'],2021-02-01 16:40:50.000000,2021-02-16,2021-02-16 10:58:27.172419,0
244,4.97,102.61569416498993,95.68841621155505,40.0,93400.0,83.60160965794768,13.0,9.0,10.0,['NOK'],2021-02-01 17:41:18.000000,2021-02-16,2021-02-16 10:58:27.172419,1
334,62.03,100.82218281476703,102.30533612768018,167.0,106000.0,101.32382718039659,8.0,5.0,1.0,['CFO'],2021-02-01 18:10:53.000000,2021-02-16,2021-02-16 10:58:27.172419,0
73,86.83,103.0711351683366,105.50994554219245,161.0,26300.0,106.86725018234866,12.0,7.0,0.0,['AMD'],2021-02-01 18:49:00.000000,2021-02-16,2021-02-16 10:58:27.172419,0
172,2.06,107.92880258899676,100.82316227461857,5.0,38300.0,75.33446601941745,3.0,2.0,2.0,['TTOO'],2021-02-01 19:48:44.000000,2021-02-16,2021-02-16 10:58:27.172419,0
195,10.5,84.76190476190474,78.66666666666666,70.0,106100.0,74.11561904761905,2.0,3.0,0.0,['HYRE'],2021-02-01 21:02:53.000000,2021-02-16,2021-02-16 10:58:27.172419,0
27,1.08,89.16358024691357,90.66005291005288,27.0,15400.0,59.2935185185185,7.0,6.0,0.0,['ZOM'],2021-02-02 00:36:40.000000,2021-02-16,2021-02-16 10:58:27.172419,1
187,12.79,74.40448266875164,72.96883726125323,18.0,15500.0,64.37010685431326,1.0,1.0,0.0,['BCRX'],2021-02-02 03:14:59.000000,2021-02-16,2021-02-16 10:58:27.172419,0
450,22.75,77.91501831501832,71.32056514913658,67.0,15500.0,69.47873992673993,6.0,3.0,0.0,['THCB'],2021-02-02 03:14:59.000000,2021-02-16,2021-02-16 10:58:27.172419,0
419,1.895,93.57959542656113,103.12853373539387,40.0,158000.0,80.0712401055409,1.0,2.0,0.0,['ALRN'],2021-02-02 16:31:21.000000,2021-02-16,2021-02-16 10:58:27.172419,0
451,22.75,77.91501831501832,71.32056514913658,67.0,21880.0,69.47873992673993,7.0,4.0,0.0,['THCB'],2021-02-02 17:37:08.000000,2021-02-16,2021-02-16 10:58:27.172419,0
157,10.68,84.019975031211,87.80096308186195,8.0,90600.0,69.62034956304618,2.0,3.0,0.0,['VYNE'],2021-02-02 17:41:24.000000,2021-02-16,2021-02-16 10:58:27.172419,0
81,8.05,91.25383022774326,91.90381543921914,54.0,162000.0,80.73478260869565,4.0,4.0,0.0,['MVIS'],2021-02-02 23:19:32.000000,2021-02-16,2021-02-16 10:58:27.172419,0
158,17.34,68.64686658977317,63.78324270884825,0.0,134400.0,60.558881199538625,1.0,2.0,0.0,['HOL'],2021-02-03 00:38:55.000000,2021-02-16,2021-02-16 10:58:27.172419,0
42,1.29,108.2687338501292,105.4485049833887,26.0,7840.0,81.06770025839793,3.0,1.0,0.0,['TBLT'],2021-02-03 00:40:17.000000,2021-02-16,2021-02-16 10:58:27.172419,0
93,171.65,94.99951451597242,95.03141775207023,118.0,78000.0,91.1395261675891,14.0,8.0,1.0,['ARKW'],2021-02-03 00:53:21.000000,2021-02-16,2021-02-16 10:58:27.172419,0
67,2.39,109.90237099023709,119.36640765092649,14.0,91600.0,82.23235704323571,11.0,2.0,3.0,['TMDI'],2021-02-03 15:59:01.000000,2021-02-16,2021-02-16 10:58:27.172419,0
437,4.05,69.7119341563786,68.03985890652558,0.0,121500.0,54.48954732510288,1.0,2.0,0.0,['AREC'],2021-02-03 16:18:33.000000,2021-02-16,2021-02-16 10:58:27.172419,1
414,10.35,98.87278582930757,98.99240855762595,33.0,158000.0,98.68692431561998,2.0,2.0,0.0,['NBA'],2021-02-03 16:38:41.000000,2021-02-16,2021-02-16 10:58:27.172419,0
438,4.05,69.7119341563786,68.03985890652558,0.0,121500.0,54.48954732510288,2.0,2.0,0.0,['AREC'],2021-02-03 20:19:33.000000,2021-02-16,2021-02-16 10:58:27.172419,1
153,23.15,93.88048956083514,92.21228016044431,118.0,90200.0,68.5280777537797,13.0,5.0,0.0,['FCEL'],2021-02-03 22:07:58.000000,2021-02-16,2021-02-16 10:58:27.172419,0
8,17.6,43.18181818181818,43.07581168831168,21.0,60300.0,31.065378787878785,2.0,2.0,0.0,['CPSH'],2021-02-04 01:18:16.000000,2021-02-16,2021-02-16 10:58:27.172419,0
431,5.02,90.5710491367862,97.28229937393283,131.0,15500.0,71.77742363877822,2.0,2.0,0.0,['OPTT'],2021-02-04 01:31:29.000000,2021-02-16,2021-02-16 10:58:27.172419,0
28,1.16,91.0,86.13177339901479,29.0,15500.0,60.58936781609195,8.0,7.0,1.0,['ZOM'],2021-02-04 01:31:29.000000,2021-02-16,2021-02-16 10:58:27.172419,1
474,1.27,92.12598425196852,92.3509561304837,15.0,7840.0,84.18372703412072,2.0,1.0,0.0,['UXIN'],2021-02-04 02:30:05.000000,2021-02-16,2021-02-16 10:58:27.172419,0
374,13.3,81.47869674185463,82.2282491944146,15.0,373000.0,72.41233082706768,1.0,2.0,0.0,['CLNE'],2021-02-04 03:15:12.000000,2021-02-16,2021-02-16 10:58:27.172419,0
426,14.9,100.93959731543625,102.53116011505274,93.0,12800.0,103.62863534675613,7.0,4.0,0.0,['FSR'],2021-02-04 04:26:49.000000,2021-02-16,2021-02-16 10:58:27.172419,0
476,14.31,92.94199860237596,88.57941499450934,14.0,12800.0,78.39389704169577,1.0,1.0,0.0,['FTOC'],2021-02-04 04:26:49.000000,2021-02-16,2021-02-16 10:58:27.172419,0
159,16.59,85.69419328913,72.42753810384913,1.0,12800.0,64.74327908378541,2.0,3.0,2.0,['HOL'],2021-02-04 04:26:49.000000,2021-02-16,2021-02-16 10:58:27.172419,0
35,25.15,99.82770046388337,99.72735018460665,23.0,12800.0,99.93638170974154,1.0,1.0,0.0,['TDA'],2021-02-04 04:26:49.000000,2021-02-16,2021-02-16 10:58:27.172419,0
224,9.95,95.97989949748744,92.90739411342427,56.0,38300.0,91.56907872696819,6.0,4.0,0.0,['VERU'],2021-02-04 15:52:03.000000,2021-02-16,2021-02-16 10:58:27.172419,0
245,4.49,106.45879732739418,110.46770601336301,42.0,91600.0,94.17223459539719,14.0,9.0,6.0,['NOK'],2021-02-04 16:59:01.000000,2021-02-16,2021-02-16 10:58:27.172419,1
225,9.95,95.97989949748744,92.90739411342427,56.0,38300.0,91.56907872696819,7.0,4.0,0.0,['VERU'],2021-02-04 19:32:50.000000,2021-02-16,2021-02-16 10:58:27.172419,0
216,4.43,59.671181339352906,58.04675910996453,12.0,38300.0,33.37404063205417,4.0,4.0,0.0,['ATOS'],2021-02-04 19:32:50.000000,2021-02-16,2021-02-16 10:58:27.172419,1
160,16.59,85.69419328913,72.42753810384913,1.0,104400.0,64.74327908378541,3.0,4.0,2.0,['HOL'],2021-02-04 19:59:01.000000,2021-02-16,2021-02-16 10:58:27.172419,0
173,3.42,66.08187134502924,64.78696741854637,9.0,106000.0,49.801851851851865,4.0,2.0,2.0,['TTOO'],2021-02-04 22:33:26.000000,2021-02-16,2021-02-16 10:58:27.172419,1
276,339.59,97.48029486537689,97.1549725930008,85.0,78000.0,100.77338359001541,2.0,1.0,1.0,['LMT'],2021-02-04 23:17:44.000000,2021-02-16,2021-02-16 10:58:27.172419,0
381,14.2,92.84037558685446,86.01609657947687,3.0,28400.0,75.69131455399062,1.0,2.0,1.0,['ALUS'],2021-02-05 00:04:21.000000,2021-02-16,2021-02-16 10:58:27.172419,0
490,23.58,93.53972292903592,89.07064097903792,53.0,15500.0,85.51173310715295,6.0,5.0,0.0,['RIOT'],2021-02-05 01:29:04.000000,2021-02-16,2021-02-16 10:58:27.172419,0
436,42.11,97.13448903665005,99.30454252468027,29.0,15500.0,104.06475104884035,3.0,2.0,0.0,['ARGO'],2021-02-05 01:29:04.000000,2021-02-16,2021-02-16 10:58:27.172419,0
29,1.7,65.88235294117648,59.990756302521014,30.0,373000.0,43.22686274509804,9.0,8.0,2.0,['ZOM'],2021-02-05 03:05:52.000000,2021-02-16,2021-02-16 10:58:27.172419,1
75,12.53,108.22027134876298,112.91756926234181,23.0,12800.0,117.44894918861401,1.0,2.0,0.0,['CLOV'],2021-02-05 04:02:51.000000,2021-02-16,2021-02-16 10:58:27.172419,0
191,15.53,98.6477784932389,93.80001839757152,62.0,12800.0,89.3024254131788,4.0,4.0,1.0,['IPOF'],2021-02-05 04:02:51.000000,2021-02-16,2021-02-16 10:58:27.172419,0
174,3.42,66.08187134502924,64.78696741854637,9.0,144300.0,49.801851851851865,5.0,2.0,2.0,['TTOO'],2021-02-05 12:46:34.000000,2021-02-16,2021-02-16 10:58:27.172419,1
70,45.99,88.25585272160613,86.37430497313082,60.0,115000.0,84.68819308545335,2.0,3.0,0.0,['CRSR'],2021-02-05 16:00:25.000000,2021-02-16,2021-02-16 10:58:27.172419,0
37,22.3,97.04035874439462,84.57399103139014,8.0,115000.0,79.2702812882185,2.0,3.0,1.0,['HIMS'],2021-02-05 16:00:25.000000,2021-02-16,2021-02-16 10:58:27.172419,0
102,1.12,97.6190476190476,96.04591836734694,17.0,158000.0,68.5470238095238,2.0,2.0,0.0,['GSAT'],2021-02-05 16:37:55.000000,2021-02-16,2021-02-16 10:58:27.172419,0
446,3.2,75.10416666666667,70.40178571428571,1.0,158000.0,66.26739583333332,1.0,1.0,1.0,['MTP'],2021-02-05 16:37:55.000000,2021-02-16,2021-02-16 10:58:27.172419,1
259,1.25,88.25600000000001,91.74742857142857,15.0,91600.0,63.84399999999999,9.0,2.0,2.0,['BIOL'],2021-02-05 17:59:01.000000,2021-02-16,2021-02-16 10:58:27.172419,0
485,1.74,96.55172413793103,93.96551724137932,32.0,47100.0,81.4229885057471,9.0,8.0,0.0,['CHEK'],2021-02-06 02:33:54.000000,2021-02-16,2021-02-16 10:58:27.172419,1
30,2.27,58.44346549192364,50.02454373820012,31.0,420100.0,34.59265785609397,10.0,9.0,2.0,['ZOM'],2021-02-06 02:33:54.000000,2021-02-16,2021-02-16 10:58:27.172419,1
46,21.5,98.74418604651163,94.49169435215946,153.0,15500.0,102.05426356589147,4.0,4.0,0.0,['RSI'],2021-02-06 07:05:10.000000,2021-02-16,2021-02-16 10:58:27.172419,0
445,32.43,98.26292527495117,95.53323642130303,159.0,28400.0,96.9626888683318,4.0,3.0,0.0,['BAC'],2021-02-06 16:28:51.000000,2021-02-16,2021-02-16 10:58:27.172419,0
76,13.04,99.2842535787321,105.35714285714286,24.0,162000.0,112.55894683026585,2.0,3.0,1.0,['CLOV'],2021-02-06 20:28:05.000000,2021-02-16,2021-02-16 10:58:27.172419,0
13,20.7007,91.9643619136873,92.85524506072603,35.0,47100.0,86.13046901795592,2.0,2.0,0.0,['BTBT'],2021-02-07 01:09:45.000000,2021-02-16,2021-02-16 10:58:27.172419,0
179,59.7912,78.55531694742147,73.47653166352238,42.0,38300.0,63.119845952804646,3.0,2.0,0.0,['DMTK'],2021-02-07 14:50:30.000000,2021-02-16,2021-02-16 10:58:27.172419,0
326,286.58,96.27329192546586,94.4059499715861,159.0,106000.0,82.33693093260754,14.0,8.0,0.0,['TDOC'],2021-02-07 14:57:12.000000,2021-02-16,2021-02-16 10:58:27.172419,0
49,549.0886,99.29666481268536,97.21599184019274,101.0,26300.0,96.86900438289923,4.0,5.0,0.0,['NVDA'],2021-02-07 16:02:21.000000,2021-02-16,2021-02-16 10:58:27.172419,0
74,88.31,100.01509832786019,99.920733778734,166.0,26300.0,103.59736534178842,13.0,7.0,1.0,['AMD'],2021-02-07 16:02:21.000000,2021-02-16,2021-02-16 10:58:27.172419,0
358,15.016,99.04990232640739,98.94208082806912,107.0,119000.0,98.33510921683539,10.0,2.0,0.0,['FSD'],2021-02-07 17:54:02.000000,2021-02-16,2021-02-16 10:58:27.172419,0
54,11.3,102.53687315634217,98.49557522123892,75.0,162000.0,83.09734513274333,9.0,4.0,0.0,['UAVS'],2021-02-07 19:26:24.000000,2021-02-16,2021-02-16 10:58:27.172419,0
77,13.04,99.2842535787321,105.35714285714286,25.0,162000.0,112.55894683026585,3.0,3.0,1.0,['CLOV'],2021-02-07 19:26:24.000000,2021-02-16,2021-02-16 10:58:27.172419,0
164,8.53,118.8354826103947,117.15541785295595,121.0,10600.0,105.53454474404066,4.0,2.0,0.0,['GPRO'],2021-02-07 21:48:24.000000,2021-02-16,2021-02-16 10:58:27.172419,0
318,5.7197,107.989346760611,80.8733724795756,18.0,15500.0,69.7053458514724,1.0,1.0,0.0,['JG'],2021-02-07 23:31:58.000000,2021-02-16,2021-02-16 10:58:27.172419,0
72,1.75,88.0,84.0,3.0,158000.0,72.13714285714286,1.0,1.0,1.0,['INPX'],2021-02-08 16:46:05.000000,2021-02-16,2021-02-16 10:58:27.172419,0
447,2.92,93.15068493150686,82.43639921722114,4.0,158000.0,74.21997716894978,2.0,1.0,2.0,['MTP'],2021-02-08 16:46:05.000000,2021-02-16,2021-02-16 10:58:27.172419,0
359,15.016,99.04990232640739,98.94208082806912,108.0,209200.0,98.33510921683539,11.0,3.0,0.0,['FSD'],2021-02-08 16:58:07.000000,2021-02-16,2021-02-16 10:58:27.172419,0
226,12.85,83.45006485084306,77.42078932740411,60.0,115000.0,72.17476005188067,8.0,4.0,2.0,['VERU'],2021-02-08 17:15:00.000000,2021-02-16,2021-02-16 10:58:27.172419,0
38,25.0,85.49333333333334,80.33714285714287,11.0,106000.0,72.25,3.0,3.0,1.0,['HIMS'],2021-02-08 20:12:59.000000,2021-02-16,2021-02-16 10:58:27.172419,0
502,4.52,75.4424778761062,73.67256637168143,31.0,38300.0,49.43871681415931,12.0,6.0,0.0,['TRXC'],2021-02-08 22:06:20.000000,2021-02-16,2021-02-16 10:58:27.172419,1
175,3.61,82.64081255771006,69.52908587257618,13.0,38300.0,51.24349030470914,6.0,2.0,2.0,['TTOO'],2021-02-08 22:06:20.000000,2021-02-16,2021-02-16 10:58:27.172419,1
227,15.2,77.34649122807018,68.7218045112782,60.0,153300.0,61.81002192982455,9.0,4.0,2.0,['VERU'],2021-02-08 22:06:20.000000,2021-02-16,2021-02-16 10:58:27.172419,0
56,121.9,99.40661744599397,98.68158912457518,12.0,34100.0,102.18765108012029,1.0,2.0,0.0,['IBM'],2021-02-09 00:00:26.000000,2021-02-16,2021-02-16 10:58:27.172419,0
423,25.99,95.13915608567397,94.60231957346232,104.0,7840.0,87.48236501218416,13.0,3.0,0.0,['ETH'],2021-02-09 00:53:56.000000,2021-02-16,2021-02-16 10:58:27.172419,0
277,338.54,99.70166006971108,98.05467174168066,89.0,78000.0,100.88212126582773,3.0,1.0,1.0,['LMT'],2021-02-09 01:07:45.000000,2021-02-16,2021-02-16 10:58:27.172419,0
398,170.67,101.10154098552762,100.57588160945518,3.0,78000.0,100.1793695435636,1.0,1.0,1.0,['SPLK'],2021-02-09 01:07:45.000000,2021-02-16,2021-02-16 10:58:27.172419,0
260,1.48,81.5518018018018,77.988416988417,19.0,106000.0,58.16554054054055,10.0,3.0,1.0,['BIOL'],2021-02-09 01:27:27.000000,2021-02-16,2021-02-16 10:58:27.172419,0
31,2.32,73.70689655172414,56.80357142857144,34.0,47100.0,36.80689655172414,11.0,9.0,3.0,['ZOM'],2021-02-09 01:28:36.000000,2021-02-16,2021-02-16 10:58:27.172419,1
375,17.97,79.97588573548508,68.40766356626123,20.0,15500.0,57.54780189204231,2.0,2.0,1.0,['CLNE'],2021-02-09 04:14:40.000000,2021-02-16,2021-02-16 10:58:27.172419,0
250,16.9,84.77317554240632,76.02704987320372,146.0,118800.0,70.43589743589745,4.0,3.0,0.0,['SNPR'],2021-02-09 05:25:02.000000,2021-02-16,2021-02-16 10:58:27.172419,0
427,14.95,101.24860646599778,101.20401337792643,98.0,12800.0,102.88963210702344,8.0,4.0,1.0,['FSR'],2021-02-09 05:25:02.000000,2021-02-16,2021-02-16 10:58:27.172419,0
471,13.45,86.41883519206938,80.58417419012217,0.0,197600.0,77.12366790582405,1.0,2.0,0.0,['NGAC'],2021-02-09 14:59:01.000000,2021-02-16,2021-02-16 10:58:27.172419,0
32,2.32,73.70689655172414,56.80357142857144,34.0,224100.0,36.80689655172414,12.0,10.0,3.0,['ZOM'],2021-02-09 15:42:33.000000,2021-02-16,2021-02-16 10:58:27.172419,1
379,1.34,57.11940298507462,53.119402985074615,0.0,158000.0,43.862686567164175,1.0,1.0,0.0,['ASRT'],2021-02-09 16:18:32.000000,2021-02-16,2021-02-16 10:58:27.172419,1
111,1.98,98.65319865319866,95.67099567099567,20.0,158000.0,73.0047138047138,1.0,1.0,0.0,['STCN'],2021-02-09 16:18:32.000000,2021-02-16,2021-02-16 10:58:27.172419,0
228,15.2,77.34649122807018,68.7218045112782,61.0,38300.0,61.81002192982455,10.0,4.0,3.0,['VERU'],2021-02-09 17:43:59.000000,2021-02-16,2021-02-16 10:58:27.172419,0
33,2.32,73.70689655172414,56.80357142857144,34.0,234700.0,36.80689655172414,13.0,10.0,3.0,['ZOM'],2021-02-09 17:52:58.000000,2021-02-16,2021-02-16 10:58:27.172419,1
313,3.239,76.36101677472472,69.66435848806952,0.0,106000.0,55.850571163939485,1.0,1.0,0.0,['TYME'],2021-02-09 18:06:28.000000,2021-02-16,2021-02-16 10:58:27.172419,1
323,16.86,88.09806247528668,81.7658024063718,33.0,90600.0,68.6812969553183,1.0,2.0,0.0,['KLR'],2021-02-09 19:05:32.000000,2021-02-16,2021-02-16 10:58:27.172419,0
470,17.77,88.59182142187207,83.992523514752,43.0,106000.0,80.42569874320016,4.0,3.0,0.0,['NPA'],2021-02-09 20:20:41.000000,2021-02-16,2021-02-16 10:58:27.172419,0
55,15.15,77.31573157315732,75.16265912305516,77.0,162000.0,63.59295929592959,10.0,4.0,1.0,['UAVS'],2021-02-09 21:38:10.000000,2021-02-16,2021-02-16 10:58:27.172419,0
475,1.56,95.08547008547008,84.52380952380952,20.0,7840.0,71.92692307692307,3.0,1.0,1.0,['UXIN'],2021-02-10 01:04:11.000000,2021-02-16,2021-02-16 10:58:27.172419,0
196,11.98,114.02337228714525,104.26758883854042,79.0,15500.0,74.84941569282137,3.0,3.0,0.0,['HYRE'],2021-02-10 02:46:29.000000,2021-02-16,2021-02-16 10:58:27.172419,0
231,65.83,44.888348777153276,38.718777804301126,55.0,78000.0,25.531976302597602,2.0,3.0,0.0,['TLRY'],2021-02-10 04:33:02.000000,2021-02-16,2021-02-16 10:58:27.172419,0
418,31.03,58.577720485551616,51.498549790525296,96.0,78000.0,36.47808572349341,6.0,3.0,0.0,['APHA'],2021-02-10 04:33:02.000000,2021-02-16,2021-02-16 10:58:27.172419,0
11,20.4066,102.85887899013063,96.53018421211064,138.0,395000.0,66.46441184061366,5.0,3.0,0.0,['SUNW'],2021-02-10 13:19:59.000000,2021-02-16,2021-02-16 10:58:27.172419,0
503,5.02,76.22841965471447,70.9447922595333,32.0,38300.0,47.10418326693228,13.0,6.0,1.0,['TRXC'],2021-02-10 14:10:44.000000,2021-02-16,2021-02-16 10:58:27.172419,1
176,3.4972,97.98314842350071,78.10329896570319,14.0,38300.0,55.221987113500326,7.0,2.0,3.0,['TTOO'],2021-02-10 14:10:44.000000,2021-02-16,2021-02-16 10:58:27.172419,1
229,22.39,60.32454965014144,50.48172015568174,62.0,38300.0,42.86194729790085,11.0,4.0,4.0,['VERU'],2021-02-10 14:10:44.000000,2021-02-16,2021-02-16 10:58:27.172419,0
278,132.98,100.45119566852158,101.40730077562684,6.0,40300.0,104.40818168145589,1.0,1.0,1.0,['PKG'],2021-02-10 14:30:02.000000,2021-02-16,2021-02-16 10:58:27.172419,0
6,3.05,95.40983606557377,94.05152224824357,36.0,6380.0,87.26098360655736,4.0,4.0,0.0,['JAGX'],2021-02-10 14:31:07.000000,2021-02-16,2021-02-16 10:58:27.172419,0
193,3.45,52.85024154589371,42.52587991718427,1.0,158000.0,34.76772946859903,1.0,1.0,1.0,['SLRX'],2021-02-10 16:19:57.000000,2021-02-16,2021-02-16 10:58:27.172419,1
20,25.78,98.11223170416342,100.9869223096531,29.0,60300.0,78.65050426687354,6.0,5.0,0.0,['ACTC'],2021-02-10 19:28:33.000000,2021-02-16,2021-02-16 10:58:27.172419,0
161,20.34,98.95116355293347,84.01460879336985,7.0,60300.0,58.70490003277614,4.0,5.0,2.0,['HOL'],2021-02-10 19:28:33.000000,2021-02-16,2021-02-16 10:58:27.172419,0
440,2.0812,80.97571913639568,68.47560473353285,118.0,15400.0,55.871132039208156,2.0,1.0,0.0,['NOVN'],2021-02-10 20:02:19.000000,2021-02-16,2021-02-16 10:58:27.172419,1
162,15.43,73.51479801252971,71.1600777705768,0.0,196600.0,68.64960034564702,1.0,2.0,0.0,['ACIC'],2021-02-10 20:25:14.000000,2021-02-16,2021-02-16 10:58:27.172419,0
180,69.49,82.47287379479063,73.25796106325679,46.0,106000.0,59.19293903199502,4.0,2.0,1.0,['DMTK'],2021-02-10 23:11:40.000000,2021-02-16,2021-02-16 10:58:27.172419,0
0,59.17,107.73195876288658,98.27856780704508,173.0,15500.0,82.85939947045237,6.0,4.0,0.0,['GRWG'],2021-02-11 01:26:05.000000,2021-02-16,2021-02-16 10:58:27.172419,0
163,14.5,88.06896551724138,80.66009852216749,0.0,225000.0,74.06873563218392,2.0,3.0,0.0,['ACIC'],2021-02-11 02:08:18.000000,2021-02-16,2021-02-16 10:58:27.172419,0
78,12.38,104.57727517501344,106.21970920840064,29.0,78000.0,116.86876682821755,4.0,3.0,3.0,['CLOV'],2021-02-11 04:45:45.000000,2021-02-16,2021-02-16 10:58:27.172419,0
9,21.8,94.66360856269114,84.6264744429882,29.0,162000.0,41.231681957186545,3.0,2.0,0.0,['CPSH'],2021-02-12 00:11:07.000000,2021-02-16,2021-02-16 10:58:27.172419,0
132,1.93,130.5699481865285,91.26572908956328,69.0,60300.0,48.602763385146815,2.0,2.0,0.0,['SNDL'],2021-02-12 01:52:54.000000,2021-02-16,2021-02-16 10:58:27.172419,0
34,2.62,97.45547073791347,75.84514721919302,37.0,60300.0,41.39083969465649,14.0,10.0,5.0,['ZOM'],2021-02-12 01:52:54.000000,2021-02-16,2021-02-16 10:58:27.172419,1
39,21.4,111.4797507788162,107.26969292389853,15.0,15500.0,91.50700934579442,4.0,3.0,2.0,['HIMS'],2021-02-12 15:49:39.000000,2021-02-16,2021-02-16 10:58:27.172419,0
380,1.1,113.33333333333333,87.35324675324674,3.0,158000.0,61.32939393939394,2.0,1.0,2.0,['ASRT'],2021-02-12 16:09:20.000000,2021-02-16,2021-02-16 10:58:27.172419,1
112,2.03,103.5944170771757,98.65517241379312,23.0,158000.0,77.65796387520525,2.0,1.0,1.0,['STCN'],2021-02-12 16:09:20.000000,2021-02-16,2021-02-16 10:58:27.172419,0
194,2.45,117.00680272108843,83.09037900874635,2.0,158000.0,55.017414965986404,2.0,1.0,2.0,['SLRX'],2021-02-12 16:09:20.000000,2021-02-16,2021-02-16 10:58:27.172419,1
382,12.7,110.31496062992126,110.33745781777279,11.0,28400.0,89.89370078740157,2.0,2.0,0.0,['ALUS'],2021-02-12 18:03:05.000000,2021-02-16,2021-02-16 10:58:27.172419,0
401,51.05,88.6777668952008,90.19168882048412,161.0,28400.0,106.908272935031,11.0,8.0,0.0,['QS'],2021-02-12 18:03:05.000000,2021-02-16,2021-02-16 10:58:27.172419,0
452,9.01,90.82500924898261,84.94942127794513,171.0,162000.0,77.30277469478357,5.0,4.0,1.0,['AYRO'],2021-02-12 18:11:19.000000,2021-02-16,2021-02-16 10:58:27.172419,0
43,1.54,83.33333333333333,61.872912801484226,18.0,15400.0,32.746536796536795,1.0,1.0,0.0,['CTRM'],2021-02-12 18:55:10.000000,2021-02-16,2021-02-16 10:58:27.172419,1
411,12.82,93.34373374934997,93.99375975039003,45.0,47100.0,91.3650546021841,3.0,3.0,0.0,['FUSE'],2021-02-12 20:14:50.000000,2021-02-16,2021-02-16 10:58:27.172419,0
